id,cc_cons
16174,5214
19966,2406
18105,2736
1201,3117
1595,2236
19686,2191
3015,2447
154,3114
2261,1923
19003,3995
3306,3717
6497,2141
2711,2298
24362,2976
6637,2321
12000,1646
7961,1909
29269,1662
3845,2397
14627,4112
687,2722
149,3517
2099,2075
3970,2256
9694,3165
12288,2096
29712,5055
4302,1947
9119,5690
15801,4619
28371,2282
28958,2153
25516,3361
7330,2244
24109,4551
13445,4252
26793,1962
19481,4095
15730,2174
6969,3259
25968,2074
25364,2749
4400,2674
8833,2179
16840,1770
13689,4158
8530,5351
3824,2740
29179,2036
25363,2451
15865,3522
13385,4494
17751,1829
25130,3052
19479,1567
25985,2390
24229,2858
7023,1984
12029,2035
8621,4524
16075,2015
24258,4810
7101,4579
15316,2685
18744,2519
10208,1137
24373,2296
9153,2011
32781,3361
15819,2966
21297,2226
2441,3036
25506,1946
14,2682
31363,1924
10966,3873
27185,3371
16036,2071
21713,3554
30968,3113
22619,1924
23135,1721
21624,4703
17313,3861
15991,1566
11862,1997
27394,2746
13352,1900
12580,6109
21724,2379
13478,4321
6685,2006
479,2334
30008,3119
22778,2891
1812,2564
27451,1880
25585,2189
19146,3962
11548,3975
712,3402
31184,3725
5562,2816
4829,4360
16629,2780
12588,2308
5078,3984
21270,2668
18513,2644
15502,1964
32219,1936
20571,3125
9039,2769
13107,3101
25296,2205
18363,2384
25380,2466
24139,1858
6920,1937
21876,3624
12123,3119
17401,2853
4905,2459
9580,1892
8355,2632
23229,1413
19498,1876
7189,2202
19924,3133
4866,3436
19216,2059
30886,2324
22349,2617
25669,1751
3744,1962
23327,3374
12543,2463
32774,2136
2978,2089
3801,2238
11799,4225
23329,3453
13953,2308
29070,4556
14971,2204
9603,2614
27623,1907
29608,3179
29205,2477
26031,2604
3279,2341
5275,2200
22905,6022
17055,1950
514,2264
32643,2590
9101,1883
3092,3560
27874,2043
27127,2340
16751,1737
19119,3983
3144,2044
14651,2860
18052,1621
20445,3215
3777,1218
23028,2456
11842,2646
23324,3117
25163,4293
27105,2502
30535,2278
31534,2973
1305,1652
18568,2228
22329,2293
6577,1971
18550,3989
3357,2677
2118,1567
24046,2153
5038,1801
16970,4336
24893,1808
7006,2149
4722,1865
5503,1876
3118,2781
21091,2086
9846,2006
23714,2840
30369,2053
15170,3109
16713,2605
7893,2016
16591,3755
25694,1771
2296,3519
16532,4003
19706,2514
15303,2406
17609,3651
30345,3598
28148,2365
9896,1703
4497,2266
27521,3178
14865,1945
16434,5020
23683,1990
21179,3731
24618,3879
1620,2421
9531,2529
4111,1903
12687,1913
29765,2110
12771,2636
13183,1980
11372,2690
21158,2077
21643,2907
7467,1515
19736,3701
25942,1932
18796,4252
25670,3018
2989,1864
4877,3148
1813,1763
23727,1676
26403,1120
3884,2505
29279,2255
17246,2973
22092,1762
30900,2084
3730,2685
3819,2279
2521,4658
19854,2451
21264,2889
8859,1910
23358,2141
8782,3314
3665,2348
8438,1450
4427,2534
26292,2305
32417,3276
5731,2823
5106,3263
8716,2146
25702,5578
27556,2125
20284,3203
2503,2531
5343,2256
5209,2578
23893,3463
21765,1651
570,2386
19302,2152
27436,3062
18221,1822
14052,3175
29049,1464
16914,3375
27615,1893
28263,1644
3886,2388
28258,1709
12270,1366
8130,3145
732,2658
11019,1551
934,1643
23755,2332
21647,1672
18487,2084
30685,3322
9296,2330
4458,2138
29618,1960
9441,3283
27350,2453
4156,3056
3985,3139
8565,3730
24075,1037
18238,1865
19834,1967
24997,2207
2671,3166
12181,2053
9766,5961
16463,2893
12029,3572
2588,2328
17932,3010
10787,2229
8458,2321
17277,2382
23889,1848
12260,2690
14721,3124
19125,1726
10553,4032
12659,1914
15032,2134
26831,2580
25250,2220
28082,3109
25082,2829
28970,3781
14406,1970
9221,2037
30827,3340
24882,2093
20906,1387
9568,3164
23000,6284
19015,5518
8155,1739
956,3529
6708,3239
7055,2497
676,2625
5840,2490
23371,1848
25247,3025
6044,2161
20484,2423
9456,4925
11098,2270
8965,2091
1112,1405
6986,2660
23322,2109
15858,2609
12122,4461
30645,2199
9590,2258
17610,2414
484,3006
28356,2198
14710,4949
15165,2232
26020,4574
2276,2429
16148,2423
22202,2788
18068,2244
28706,4067
15497,2151
4259,2748
2058,2429
25502,2869
26942,1827
4611,1958
104,4217
2004,4773
24737,1974
3701,1933
30891,1939
4974,2962
12080,2148
20468,3238
27635,5466
31699,4915
31937,2412
8003,2460
26641,2019
16798,2523
31096,2911
15580,3226
27615,2710
9447,4087
24937,1732
12221,2268
18750,3993
16532,3381
27546,1728
24453,1600
22014,1953
1775,2011
32466,2638
23052,3146
21864,1939
22662,1891
10734,3565
7642,1670
1256,1645
22181,3361
2830,2912
7802,1758
8149,3995
24099,1656
15669,3362
11975,2014
8910,2620
16174,1736
17423,2301
4012,4725
925,2922
7275,3688
8517,3228
28963,2371
25368,1925
27026,1591
31145,1701
17867,3601
8269,5713
30098,3574
10605,3017
4927,2034
17318,2756
13239,1494
14895,4382
29008,3627
10647,1743
17462,2809
1766,3590
23880,3674
703,2163
30460,4259
28077,2614
26347,2977
29772,1731
16100,3199
17618,2449
14246,2609
25855,3641
32742,4680
22851,2594
28449,2998
10399,3034
19417,1883
17624,2660
24095,1866
13784,3296
13653,2706
2045,2934
32745,1721
24030,2355
31954,1161
1004,2104
8393,2275
22446,3585
6304,1934
30620,2741
20668,2512
14862,5051
20699,1363
5631,3877
18817,2592
26141,5519
416,1986
6342,2825
18196,2551
28520,2272
7112,2571
3226,2188
22369,3790
8142,1979
8290,2378
20207,2392
11474,2737
9156,1453
31658,2540
18182,2627
3121,3378
28112,4587
24686,1824
15322,3783
24875,1763
10476,1474
32476,2583
30570,2258
7770,1984
17880,4196
20483,2563
14753,3263
9268,4271
10290,2687
10126,2272
14049,1869
5220,2912
30228,1148
32301,2304
11519,1670
13308,2854
9141,3785
24962,5644
15198,5416
26130,3825
9432,2912
4453,2105
4138,2307
3874,2007
17728,2310
12198,3479
10555,1637
5669,2708
20819,2051
500,2362
19904,1680
25594,1926
5309,3231
28484,2013
30565,2461
17188,4474
31952,4151
19486,5358
18405,3349
3024,3474
28657,2612
27453,3398
30682,1658
11026,1876
29087,2649
772,2007
25480,3051
31027,2222
21701,3406
14872,2818
13204,2549
8558,5883
24339,2406
21915,4064
1956,2470
1610,2143
22148,2606
23725,3198
18482,2699
90,2601
21870,1962
9941,3613
21966,1748
13273,4230
31489,1935
16175,1913
30584,1890
17190,2367
30319,2107
32299,2322
8067,3833
3080,4740
3966,3140
28434,2617
8651,2413
6936,3121
20975,2205
5688,2223
11309,3305
28648,2297
12489,2243
942,3101
4950,3718
15793,1833
29427,3018
6921,2903
26547,2547
820,1633
12379,2653
30104,2750
10695,4029
13833,1697
7334,1576
26634,2771
19807,1425
26017,1777
7709,2445
32371,1698
6703,4356
21061,2690
28890,2227
3546,2320
3811,2130
5004,2504
28710,2303
9515,2114
12295,1657
16806,2799
25143,3621
8015,2893
1296,1975
19821,3029
23892,5510
18231,1722
25964,2162
29473,2314
30548,1439
9796,1845
29703,6201
9636,2162
32211,3219
27236,5507
22482,1576
29975,3186
760,1906
13426,4156
32636,2651
23929,2937
31448,2474
2750,1710
16605,2836
32155,3624
11973,3386
20032,3880
16232,2860
6175,2578
11096,2051
17641,2328
7019,2224
14800,1561
21917,2987
20055,2583
1057,3368
29663,2447
13616,3395
13407,3387
11763,2950
13428,2413
19997,1121
16057,2669
412,2668
26087,2163
13811,2709
20496,3338
31703,2107
18054,2621
18736,2728
9984,1947
977,1820
15009,2637
17708,2811
29563,3108
9703,3841
17990,4400
6191,1554
17630,1895
21961,4942
3477,3047
10495,1902
3270,2009
2425,3024
14011,2090
13539,5671
10467,2368
23991,2333
27781,2168
16311,2371
5051,1913
28186,3151
29714,4430
20197,2590
26189,3208
23567,3197
2189,3353
4420,2265
10922,2652
19812,2284
8445,3132
29025,2269
23448,3254
15240,1623
4042,1914
2639,2380
11033,2307
9252,3124
23447,2840
18461,2507
3338,3525
2474,3844
10108,1690
21005,2562
22271,2812
27687,1766
5636,5203
25195,2277
9074,1744
2821,2895
1634,2894
30957,2343
3425,3975
26683,1861
2626,1506
30640,2089
17726,2576
28769,3873
8139,1875
14874,3206
744,2543
22872,1423
20471,2326
1519,2545
9336,2441
18799,3328
8296,1931
3577,5244
2444,2224
6769,2416
19671,2053
15265,4627
11088,3029
2269,4946
1686,4298
134,3735
16335,1982
12806,1600
8663,1699
1343,2922
18810,2223
2114,3387
1388,3030
14461,1428
11479,4114
12188,2574
24546,2766
12956,5751
29901,3047
18064,2095
14699,2980
7132,2541
21423,3397
20758,2835
6788,3063
24939,4144
1374,1814
30334,2081
13255,2860
29806,3175
38,4109
11205,2338
10591,2388
13478,2145
13254,4118
6524,3693
25074,2759
15991,1831
20731,2696
22761,2792
30643,4880
27315,4312
25590,1783
8367,1813
21081,1481
12527,2532
26171,2132
26969,4467
18216,4830
22383,1866
4445,2883
27704,4280
30709,2305
9044,2642
7911,2712
14567,3140
22286,2205
14114,2922
26908,2620
13669,1999
13469,3013
20864,4440
22183,1755
25549,1416
29226,3534
415,3716
15311,1547
29539,1741
21968,2166
3522,2111
11368,3002
17591,2386
18644,2037
9982,3299
21305,1914
29016,3035
12326,4004
21184,3455
11579,3257
23804,4909
5227,2448
128,3482
31540,3090
2915,1434
28172,3581
709,2477
27384,2440
361,2537
15458,2028
21475,5323
31157,1880
28635,1769
14200,2906
15367,2206
27077,2701
23455,2709
26396,2404
4799,2637
1511,5429
29310,2237
28662,1497
20150,2083
19696,4073
11679,2197
8586,1551
26923,1854
10190,2033
23830,2721
1245,3899
22579,3848
13688,3274
11587,3446
2707,2405
4471,2347
19087,3407
9178,4495
2108,3320
24337,2122
18560,3013
9490,4217
9348,2685
16514,2426
29420,1896
104,3141
13293,2557
15681,3709
16777,2790
10629,1552
16874,2135
27878,3566
21562,1937
29477,1202
3589,1301
15985,1989
4507,2388
14956,2137
23536,2577
16443,2031
2617,1875
3085,2259
603,3045
8942,5151
17792,5063
22921,2382
2729,2010
4129,2257
19991,2644
26226,5149
3437,2926
24644,3428
20840,3128
30717,1455
12894,2705
8455,1851
2134,2454
2013,2422
19823,3348
24146,3002
32182,2739
15076,2038
20925,3120
5965,3995
21019,2239
16758,1799
2168,3156
8636,3327
9791,2797
22069,2724
18530,2000
27918,3522
2842,2563
7269,2427
27746,4080
12204,2368
27683,3069
19517,2128
4510,4753
6581,2762
18368,2347
24710,3358
22903,3006
24821,4183
8161,3195
18236,3551
28361,3046
32786,2282
17833,2045
15146,3814
16844,2755
1188,2633
18996,2889
1230,2355
5301,1862
16070,2102
30031,2106
20504,1248
11090,2636
11473,3551
24883,4122
2941,2642
15893,1677
17851,2507
23262,2500
19899,2053
10081,4567
13402,2090
6753,1955
25273,5134
4350,2342
4354,4175
15110,2642
1805,1867
32364,3378
8160,1570
9104,2652
12351,2605
520,2025
7736,6013
1253,2011
2511,2890
2464,2775
24474,4779
24704,2429
9356,2012
16564,2767
17530,2916
6566,3390
21871,2709
5405,2349
15351,3444
3994,4032
4405,2619
1126,2530
7556,4623
31750,2005
1346,2619
2723,3198
28212,1789
12078,3908
13678,4857
26400,2672
18875,4625
21033,3654
15348,2476
2154,1165
17477,1944
505,2148
27104,2445
18333,4816
32415,2528
16000,2405
21346,3316
17109,2357
5715,2171
16971,1974
10736,4118
27042,2647
27771,3177
7785,6157
20393,2465
24943,2190
27431,2272
15187,3034
3332,4008
9479,3166
5394,2748
24372,2268
22736,3822
27907,2634
19013,4857
30989,2051
18207,2368
9882,2241
22551,3021
1785,2444
11663,1822
17453,4247
7152,1593
11724,1767
12357,2984
5690,2922
3147,2447
27853,1948
3079,3409
23467,1943
10855,2724
3663,1710
29068,2235
1404,1733
19126,3886
21945,2417
14227,3603
14436,4093
5664,3742
20702,3280
3125,2407
14028,2491
27853,2138
15476,3571
433,2510
8199,4637
19010,2026
28995,3125
22171,2309
12682,4081
22888,2124
30841,2698
12089,2679
17611,1923
28755,3499
2820,1641
13629,2567
26112,2099
4070,3087
5002,2030
3936,2961
32631,3776
22727,3943
1043,2099
28618,2021
6617,1641
26730,2191
9055,2469
484,3181
15355,4150
17182,2850
3789,4056
32427,3837
21966,2480
32671,1790
6349,4038
30283,2253
11477,3550
2070,6109
26190,1702
10319,3751
6621,2343
976,1917
31193,2701
30348,2945
14374,2177
9764,1733
9284,2079
4031,1488
1521,3373
441,5452
8219,1631
31018,1809
10433,2887
20319,4331
29823,3806
2478,1671
3891,2159
23373,4354
12111,2480
31399,3919
30888,3425
1455,1857
21345,1868
7933,2864
25108,2133
7168,2259
14031,2524
30772,2951
11980,2056
24864,2892
12448,3264
27765,2057
27192,3672
13416,1767
28547,3419
12379,3377
26127,2468
12001,3450
10177,1652
22865,5077
879,2045
19676,2379
2083,1964
1290,3588
12235,4648
13704,2093
17267,1618
16217,3235
32397,3196
10588,1658
32667,3524
424,2957
28648,2034
1184,2851
2974,2365
20055,2468
11033,3212
12021,4179
18856,2204
29096,2212
3893,3942
1145,3708
3027,2856
8894,3329
12483,2922
774,1963
8023,2580
7324,3402
6783,2534
563,4717
11143,1765
27125,2414
15978,2448
22939,1804
9671,2301
9803,3162
20598,2280
10311,2039
22682,3136
17485,2076
12295,1406
23473,2936
29663,2174
12906,2199
15222,2090
2660,4288
21205,3126
1947,2101
26777,2020
16826,1788
24137,1580
13615,2313
28312,2987
23285,1832
16450,3385
25171,1941
30751,3895
14187,2097
6036,3475
23439,2452
22181,1460
16180,2212
25122,2762
12357,2118
12573,4445
28266,2914
22029,2398
11322,3419
20602,1676
25818,2013
30633,2493
7156,2891
11057,2783
4584,1576
31665,2680
17343,3051
18179,2817
29303,4828
5113,2173
16398,2377
17538,2480
4676,1433
11962,2313
29349,3003
3164,3508
14573,2312
10258,1948
19243,4008
21843,2247
29098,2193
15525,2435
24432,4327
4396,1850
22101,5466
15358,2328
12078,2369
28625,4095
3645,2855
25471,1383
18834,2500
2014,5956
16658,2281
28167,2185
5433,2385
29705,5274
2624,5219
10404,2446
26963,2433
14610,2290
16153,2342
12073,1923
17642,3793
26399,1581
11928,1546
32020,2414
27127,3699
8619,2865
8994,2552
4429,1889
16844,2329
22249,1295
10921,3965
2826,5001
13035,3975
32306,3058
10622,2767
756,6284
18427,4376
21800,4305
8394,2070
14634,3236
7769,2462
15105,4434
12795,1967
5724,3805
17904,2157
2045,3577
30849,3529
32787,5355
27922,2559
5607,2730
13136,1746
18181,2036
28082,1610
22162,3947
32243,2672
14109,2087
15567,3600
19276,1680
298,3642
10330,2721
9545,1804
25049,2108
11408,2470
12632,2584
7407,2033
25592,3157
14939,3115
4460,1643
8544,5407
1968,2715
4236,3564
2575,2004
19449,1867
26846,2803
11975,2651
2492,4978
28687,3143
29087,1720
31050,1724
20672,3692
16727,2831
18892,2301
12855,2056
30441,4970
30414,2119
1732,2942
5748,2356
5913,1729
715,2039
32600,2891
26927,2627
14235,2059
25436,1743
4958,2981
20024,2322
28473,1393
25276,2917
7322,2303
30603,2050
22292,3054
10622,3390
27302,2351
11850,3287
8887,2682
17781,2173
84,2052
28079,3845
30072,2646
21912,2737
30304,3778
9997,1783
30173,3010
23655,2055
3988,4102
30816,1690
8413,2806
20056,1911
18998,2380
4467,3330
5718,3113
4310,2655
340,2153
3591,2933
6509,2034
7017,1547
3122,3008
360,2721
17364,1973
16312,2071
22211,1929
27105,1775
8126,1441
24781,2351
12392,2547
7542,2206
26471,1812
14355,2149
15116,2479
679,3269
14413,4037
29724,1518
14774,5159
29924,2089
2072,2415
21180,2891
2231,2465
24093,4402
15835,3814
6761,1600
29815,3263
17298,2033
31704,3685
4808,2602
20774,2945
20388,2617
11790,1742
29126,3313
10471,6421
13768,1924
21204,5133
28684,3789
1308,2092
29161,2504
28760,1790
4408,1760
28079,3337
13150,2916
24398,2081
31479,3093
859,3772
13575,2491
9389,2161
11825,2540
6600,2901
15285,2021
16759,2855
2403,2473
793,2359
31883,2089
13198,2474
1201,3160
16324,2102
27920,4741
31533,1966
20967,3113
7678,3128
27978,4844
27280,1915
31426,2162
30121,3558
19730,3041
5014,3163
8641,3243
24392,3175
17543,2332
20927,2525
30944,3154
17986,2123
24113,5016
1507,2438
3028,1410
11806,2382
18965,2277
31897,4306
774,2895
24430,2661
21940,1637
13477,3307
27092,1970
11032,2661
20086,2850
20993,2130
6463,2596
7245,1887
7159,4274
14390,2562
19067,4650
28504,2069
3219,2156
706,2419
22533,1878
18980,2857
26567,5430
5970,2494
564,3399
5360,1638
24652,1620
3149,4819
7093,3008
22807,3500
20479,2014
3495,2713
11161,3757
25616,3333
29820,2217
27630,2580
10764,3464
30128,3472
3217,2093
19733,3508
15739,2835
6374,4705
27808,3358
18320,3109
7957,3293
10911,5102
20292,2450
13807,4285
28161,2898
10618,3343
9420,2026
10644,1640
17097,2663
23245,2910
6706,2105
25349,1732
14148,1632
10184,2857
31461,3635
4947,1762
30929,3012
18191,4405
12436,1868
12324,1958
29670,2923
13518,5155
18626,2595
12239,2130
1768,2620
29903,1714
9036,2726
2623,2900
24675,1791
8522,1333
7438,2073
12574,1783
514,3983
30733,2694
3727,3579
12362,4094
17636,1569
11016,3211
27244,2489
6279,2522
28425,3003
2793,2814
10483,1754
6831,4258
8739,2299
7852,2751
13069,2952
30918,3097
19096,2893
19984,2573
28882,3249
18106,2115
27521,2151
4603,3101
11306,3121
5892,3313
31139,1582
14771,4136
7,4142
26209,3120
13731,2047
21642,1864
10888,1775
5702,2953
17756,2075
27459,1749
17713,2243
24478,2552
15145,1806
1597,2159
24490,2846
7155,1605
15823,4349
23094,1789
13950,1773
3643,2444
16746,1743
4264,5456
10549,3357
12471,2297
31540,1957
1359,2182
20486,4132
5072,2308
5262,2550
8037,1578
2796,1899
7085,2940
23796,3429
24273,2032
13249,3137
20987,2156
15137,2515
27626,2839
13041,2882
17453,1906
23536,3424
29296,2494
2385,2869
23271,1922
31284,3027
3288,3257
6234,2343
28083,4033
12487,2150
13724,6982
6816,3266
2333,3663
31114,5001
12275,4886
17147,2297
17795,2231
17761,1820
6585,3698
808,2131
30385,2914
3533,2250
29398,4062
30299,3253
10855,2354
31003,1673
10522,4609
25665,2547
29371,1826
8297,2431
25388,1888
21766,2444
28562,1728
2529,4565
22711,4337
29302,2657
6745,2374
20155,4297
26461,1988
1323,4119
19560,2070
611,1475
12339,2861
30176,2391
23861,5310
4206,1632
7250,2699
3724,4117
15164,4539
8448,2526
24580,1901
27112,3437
9832,1550
7641,2887
378,2565
4385,3513
5552,4078
8300,2108
12020,3676
14495,1682
19469,3966
26781,2544
26023,3472
7544,2455
21567,2892
1156,2039
6327,1292
28076,3099
26211,4720
15656,2358
11613,2561
29380,2938
562,5057
32009,3936
13155,1961
16566,2283
19892,3804
3157,5979
2163,2902
7733,2217
4914,2152
2172,2960
27576,3432
18361,3177
3327,2321
4314,3442
23783,2283
24336,1839
9260,2246
20146,2545
13835,2748
29988,1917
23564,3627
22067,2730
29955,2401
28050,2203
19641,2206
19493,4280
31930,2813
2160,2607
15568,2316
16767,1976
32396,1572
32447,2479
7623,1587
29862,2134
1113,1886
170,1852
23839,1327
16347,2584
28983,2671
16467,2579
23492,1753
18560,4131
14159,1368
470,2912
21368,1653
933,5840
11950,1849
2542,2068
11412,2113
16093,5108
16877,1658
6752,1918
12222,1632
20949,3084
1753,1574
22277,4267
9892,1782
23597,2620
12901,1969
24464,3981
15668,2310
24566,2959
15701,2857
16183,5197
19595,2284
19021,2252
2866,2220
23902,4430
15437,3502
26342,2389
31199,2403
32757,2461
444,3617
25759,2332
29490,2716
3750,3144
28410,2634
3350,2470
14262,1788
22356,2762
17456,2278
22331,3089
27677,3418
20745,2982
23384,2825
5087,3216
29526,2510
22525,2277
17731,3405
25158,3663
24042,3281
24998,2534
2484,4684
11060,2258
6844,3146
4109,3861
29516,1677
31617,3416
22971,1336
18538,5260
9470,3229
2392,3298
25915,3466
22144,2302
29828,3787
28181,2645
10139,3082
17708,1968
28299,4584
4535,2012
5659,1661
4727,2193
9273,1233
14120,1964
21003,3939
4075,3048
1633,3060
4745,4837
18706,3064
20228,2134
21669,2124
29262,3296
15433,2200
4153,3733
3081,1868
11737,3526
4337,2919
14481,1830
4910,2241
85,2157
12630,2196
9452,3107
24368,2975
21019,1928
13120,2069
20504,2473
7553,2556
726,2566
10719,2326
13285,2290
32358,2922
27603,2569
20872,2142
11519,4014
20948,1587
25057,4096
6254,2578
30379,2397
15211,2914
22557,2636
24196,2357
26907,4350
18698,2002
24511,3106
15263,2933
26975,2654
10304,2785
27719,2424
23360,3127
14597,2834
32631,1891
17044,1642
16764,2280
3850,3011
27695,2383
32096,3185
8009,2113
28692,1780
4819,1921
29878,3938
21446,2394
29524,2953
14030,4392
31545,4002
28676,1828
10667,1790
541,2442
10354,2397
27865,2510
18955,1496
12298,3154
14993,1651
29501,3792
15392,3644
20728,2945
24764,1686
26734,1516
5925,4017
3499,1973
11527,2487
27064,1921
8689,3125
23089,2207
24027,3331
29376,2544
32763,2686
11123,3674
1655,1734
7094,2951
16538,2966
6105,2348
19680,4803
9781,4389
7197,2439
29934,2314
1077,1933
27462,3259
4225,4668
21235,2120
21196,1962
8119,1758
13246,2252
17950,5560
11296,5950
7497,2636
7539,2672
23273,2743
23884,3058
29780,2273
30346,3258
30992,2700
26143,4015
9319,3767
12750,1653
18818,2775
25364,2336
3345,2449
2326,4021
28615,1365
30120,1831
32806,2462
28877,2005
2243,2814
24691,3443
25067,2409
13503,2688
23554,2148
8353,3706
9519,3629
23231,3753
20146,4086
12977,2925
6242,4157
5095,3063
13905,1826
31554,1637
12305,2894
6166,1889
28431,4246
30508,1904
28029,2157
7486,2197
291,3303
32096,3627
2718,3042
23860,2051
2846,2933
25867,2669
25931,2498
2494,2158
4226,3516
20712,3119
1300,1942
30602,2915
4179,2033
7312,3813
23383,3240
21419,3982
19774,2609
17426,4051
20425,1988
31459,1785
18279,2737
20262,2574
11998,3179
4164,2258
19951,1931
29753,3285
9050,2129
27293,3839
3249,2492
27659,2549
16525,2597
28018,4399
27293,2117
2083,3505
17474,2510
29697,4583
8994,3032
1272,1882
11735,6355
16750,2290
11783,2743
289,3029
10029,6463
15896,2670
14411,2131
10545,2554
26923,1716
16372,5659
20206,4223
17617,2601
17720,2353
4713,2443
6339,3125
7476,3690
10831,3780
14115,3429
13647,1608
14021,3768
2202,2225
19158,1619
12229,3433
30235,1822
4442,2537
3722,4255
15438,1692
25229,2024
13897,1645
10567,3120
13018,1550
8176,2774
26455,3665
11156,1264
8455,1641
2852,2754
28182,2516
20850,2234
14101,1876
13128,2328
20924,2281
23075,2385
8283,4029
24658,2308
26525,3762
27946,4801
21887,1827
24546,1717
7359,3659
21932,2365
6288,3433
17011,2589
26662,2817
4085,2417
15183,2040
11064,2523
28427,2578
26012,3719
21855,1770
13661,3843
32689,2466
7198,3467
25627,2424
14658,2648
26344,3247
32658,1779
630,1956
10692,2219
9219,2244
24685,2540
927,1656
7144,1649
11916,1813
18295,2113
29034,3676
4665,4778
14373,4740
7126,3151
3704,2334
32075,2318
2241,1419
2159,2008
3007,1594
2291,2885
12777,3625
22042,4147
17899,3186
1956,2422
443,2086
5734,2819
7875,1953
16955,2350
27702,4196
3753,1929
11623,2857
17675,2033
23103,3965
2830,4774
8916,2266
29986,3059
1652,1604
25378,4711
2305,2348
7501,1520
22552,2345
27306,2546
11038,1964
23489,2965
11085,2068
14268,2863
20825,2109
2172,4214
25043,1862
10026,2289
4881,2444
22283,2053
4291,4604
8420,2454
11079,2830
9926,4650
14161,6087
1931,2677
26738,3783
14182,3454
9409,5436
9625,1753
6236,3011
11808,2996
6257,2286
20640,1968
1188,1739
17294,2160
24927,2548
27430,2739
10016,1863
24584,2121
3412,3597
32769,1709
2608,1604
18479,2058
7056,1371
960,2939
9214,1830
16764,3336
5301,1009
22234,1894
25538,2750
1772,2854
8732,1792
31906,2775
13436,4496
30234,2580
1274,1314
9112,1890
3813,2392
12216,2000
5646,2549
27725,2055
242,1848
21780,2280
23991,3936
25832,2481
16624,2553
24740,4344
19423,3111
29792,3881
22010,3246
20789,3732
27702,4240
31389,4870
3802,2540
13362,3970
31083,1748
3251,1762
20501,1548
29667,3411
10147,2402
15570,3910
8752,3038
31526,3003
25468,1749
3219,2669
2711,3014
2913,3379
13477,2793
30581,2431
13017,1814
18703,2177
6686,1150
21933,2197
17654,3040
4624,2843
19595,4732
16542,1730
11407,2086
25903,2164
20903,2967
9592,3231
11159,2366
25392,3025
31986,1592
14891,3046
26383,2987
2193,2064
3105,2717
3029,1829
23058,3069
13673,1782
4329,3193
17632,2924
12352,3014
9985,2567
13426,1546
28640,2011
10481,2091
18081,1792
7153,2056
27348,2675
21226,2352
8356,2503
14329,3592
1659,5563
22393,2851
23581,3629
24378,2441
18070,2703
6829,3313
12793,3192
3655,2262
12680,2501
22666,1833
29685,1829
14431,5556
14750,5067
25659,2361
4649,1828
2950,2459
3596,3261
2374,4134
29329,1678
20224,1925
6258,2595
29913,2556
16765,3821
24923,4489
7557,1887
10811,2840
19468,3077
11132,2514
25080,1426
876,2930
9397,1910
30527,2699
15215,1915
14741,2517
5946,2257
11218,2705
11451,5170
22050,2345
6358,1994
1344,2365
16349,3020
31742,2458
23947,2359
10333,2649
809,2657
31797,2724
1372,2015
27435,2191
15745,1279
14590,1886
9309,4706
31645,1473
26960,2153
15859,2056
18009,2233
18270,2782
11852,3610
16883,4321
13996,3166
7191,2685
9052,1879
27955,1778
14600,3776
26866,2101
31768,2511
13642,2850
19133,1767
9906,1803
19337,5548
9362,3929
27211,2218
27964,2966
29869,1823
21541,1911
1076,2411
13230,2060
18318,3225
21576,5187
29001,4221
3982,3534
928,3410
109,1671
14890,2257
5097,3308
2979,2922
2202,3227
11943,2334
3620,2074
2240,2984
19706,1884
17485,1766
14860,4667
9317,2346
6984,2511
31674,3074
6375,1760
11832,1763
23929,2116
32300,2577
20044,4066
28345,4526
30972,2075
7272,2707
12821,3080
23569,3615
32485,2931
14378,2079
8654,3399
19350,3190
8910,3956
31321,1682
14835,2496
6667,2023
19041,2408
13315,2406
27226,2475
7427,2812
32500,2069
7619,3071
18719,2076
906,2826
14449,2338
28241,2455
29137,1904
11985,2735
9410,2496
18181,1834
30474,3180
10226,4189
10473,1782
23167,5627
7498,3422
22857,2934
6436,2014
16318,1973
18343,3645
12323,1893
23669,2113
31998,2446
6491,2992
8888,1625
18043,2326
25221,1692
19654,3655
30086,2634
826,4092
3274,5096
22576,3092
21411,1754
28729,2804
9884,2715
8490,2043
26496,2774
5162,1947
14954,1768
15852,3243
4919,2862
5626,2547
8106,2622
31141,3518
2351,1994
822,3298
8555,3856
2900,3612
11138,3115
21057,2344
18666,1912
4555,2737
20109,2436
24266,2460
19832,2363
19801,2247
14626,3438
26499,3298
1794,2053
15026,2920
31321,2406
1939,4755
24042,1904
24257,2126
15155,2379
10880,3826
638,2668
22155,2614
8836,2949
11465,2257
512,3324
12780,1919
31654,2837
19329,4062
25937,3147
11701,2765
27118,3069
3276,2298
16883,3238
23647,3177
7680,4286
4596,2193
15920,2592
6989,2208
1519,2568
16199,2324
2845,1900
23084,2341
20383,2656
8664,2658
21183,2262
8244,2458
11732,4555
253,3502
23578,5187
18361,2564
18967,2660
29784,3970
5823,1795
24265,2155
13587,1460
30025,1866
23574,5051
28724,3507
16623,2385
28772,1681
31355,2459
12591,2673
3420,2510
8493,3823
18889,2799
21276,3357
21986,6765
17328,1658
14149,2175
14977,2230
24356,2046
20500,4163
30525,2023
29108,1861
1669,2553
30870,3630
14770,3581
12630,3484
14542,2547
22839,2393
26006,2111
21020,2487
10094,1927
19585,1770
10936,2123
23155,2791
22848,1348
13128,2552
3071,2350
11164,3241
27867,3987
16564,2334
8271,2087
4803,1802
21017,4685
25623,1945
17364,2701
21676,2418
9211,1993
24009,3067
29652,1880
29381,3708
9462,2197
465,1642
13116,2459
13751,6126
4260,5168
20808,3076
19492,4868
17126,2807
1803,2452
1865,2074
29173,3401
4538,2445
31306,4065
13099,2034
5261,3798
13850,2225
20711,2422
529,4232
18139,4039
13309,2516
1850,3013
29723,2036
13628,3137
9368,2577
26918,3191
11759,2689
24703,3666
17269,1967
7471,3084
13625,2853
1533,2208
6851,2203
11041,2065
13945,3840
5648,1686
32772,2732
695,1620
19725,2251
27609,3029
14725,2274
16752,3855
20500,3053
24369,2821
30337,1496
14288,2574
16102,3035
5175,4293
10466,3142
28402,2331
22247,4057
14030,2559
3797,2558
29504,2557
31960,2134
24737,3121
7070,2749
1689,3244
30598,3052
4276,5237
14869,2245
11833,2520
11247,4377
17344,1118
2140,2639
25331,2789
26171,4022
17657,2273
1430,2233
7588,3714
1043,2341
5556,1334
27986,4410
8364,2367
9348,2443
4808,2125
10558,2615
12328,5741
13137,2039
7269,3072
12627,1895
25990,3101
31451,2957
12906,2183
30842,3103
10296,1583
29865,1417
27999,2920
16214,1953
21974,2162
21654,2513
31382,2080
9339,2559
15007,2669
29521,3153
21328,2629
7899,2739
20395,2185
21094,2732
3524,2818
3758,2875
8692,3927
23967,2122
23713,2445
32076,2786
724,2594
19266,1869
23271,1240
28613,2767
1096,1851
3209,2814
22783,1786
29188,2146
8568,1800
13319,4012
16276,2208
13097,1711
18085,2309
24373,3071
27580,1844
8996,3257
19154,3383
31094,4857
32500,2322
16193,2167
1074,2607
18210,1526
716,1888
724,2360
21354,4503
29173,3220
28741,2441
21816,3207
2952,1512
30017,2608
26849,3014
8945,4039
26302,3342
7697,2292
31355,2312
32567,2150
15294,2283
26928,2294
20193,1770
27035,5586
25046,2320
14374,2639
15713,2714
892,1790
17457,1909
23293,1580
24596,2836
16452,1955
7531,3474
28167,2011
3666,3050
22850,1847
26792,4682
2972,3600
4640,2626
32447,3651
6881,2955
3772,5289
19550,2176
23212,2293
12077,4855
4347,3763
552,2151
26799,3677
26850,3084
23035,3016
23992,1935
31519,3089
949,2314
32199,1276
13205,4061
11829,2542
8275,5265
20568,3054
4531,2973
4116,5336
912,2176
28694,1845
5126,4620
7655,2923
30758,2530
4446,2056
26670,2209
28109,2947
25049,2740
14685,2109
11961,2026
1149,2485
17063,3372
11430,2399
9380,2386
19269,2914
21239,1884
8894,6093
27511,2498
20828,2605
5407,3316
5493,3076
28699,4996
11404,2442
22875,3585
29078,4363
17395,2055
26815,2891
2908,2235
1312,1626
25474,2745
24741,3231
18548,2094
12867,4101
6650,2879
87,2731
32217,1300
9618,3835
2270,2471
2170,2577
18656,2301
5772,1865
10453,2699
30375,3080
18163,4374
4220,2481
5259,4011
14130,1931
10145,1726
22138,1932
28022,2202
26066,1709
25891,2241
23677,1646
3603,2489
13477,2098
28620,1648
4349,1963
11833,2595
29981,1569
27489,3076
3946,3178
16580,1796
24136,2071
19294,3843
25869,4651
15352,2819
25901,1868
11143,2828
31845,3188
16220,2807
22868,1897
13281,2706
18792,2396
3310,2826
18043,2118
14643,1990
5632,2425
15877,3430
19143,1782
24563,2727
28136,4297
16862,1856
22596,2198
1993,4321
1388,1979
28814,1601
24892,1870
10000,4222
6100,2618
13323,3329
25183,3686
22104,2157
23958,6077
3702,1224
22155,2210
23103,3029
8700,2686
14154,2293
9321,4946
32748,2422
11616,2721
29900,4178
3863,1769
24941,3699
4732,3059
836,1971
2154,3997
1300,2988
31492,2076
6626,4132
9346,2858
11329,3509
15689,2820
14016,1840
5683,1945
22013,2369
9284,2744
27569,3222
32070,1922
3061,2034
23627,1883
21060,1742
21422,2295
19945,2121
24322,4660
15690,2510
29457,3023
11916,2447
4927,2068
32394,1664
15349,2295
187,3265
28884,1832
24913,2450
25059,2215
5802,2170
9801,2119
13035,2696
5167,3054
7733,2712
10711,2572
5028,4032
13563,2077
21633,4720
24242,2241
3180,1977
24957,2632
3603,2351
13533,3831
30939,3015
17195,5133
24495,3075
13815,3029
3427,3287
541,4422
31098,1608
10640,2525
28113,4036
27543,2032
2449,3653
24373,2089
12961,3497
6507,4771
26277,3066
22754,2182
1852,2055
22199,4251
21222,2266
3490,1929
17563,3226
10686,2888
26540,2094
6378,2171
10747,3488
16278,2401
28219,2230
29759,2911
24901,3297
6262,3220
23362,4070
1692,2048
27382,1644
23835,3552
15031,2400
1316,2253
19443,3172
27447,2359
1942,3780
8616,2369
26836,4485
4252,1480
7412,3702
11910,2040
7381,2521
30781,2993
10181,2205
4939,2919
6474,3338
3290,1994
18496,2254
17293,3756
4457,2692
3758,5182
17938,3741
8344,3728
29777,2110
30205,1755
17698,3797
30174,2838
8682,1750
25948,3892
21025,2933
22909,3683
8899,2452
14876,2845
13266,2806
23910,2450
9352,3512
10190,1775
31944,2015
25774,2998
8133,2895
1074,2371
2671,3778
16136,2162
19394,2421
12030,2507
16309,1782
16344,3391
8171,4608
23341,1928
15549,2265
27170,2114
2915,2944
24045,1720
18791,1935
5549,1682
7153,4496
9826,3801
16554,3688
6985,3870
12833,4126
24669,1912
29244,2876
5573,2399
28999,2755
7845,3021
28769,2141
3175,3209
20743,2658
2900,1620
5485,1578
32649,2666
4342,2462
19701,3342
3016,3018
2643,3189
32253,2681
4705,1879
22347,4261
22453,4273
7382,4564
1693,3659
3018,2402
23395,3609
6155,3087
17833,2554
16854,1998
18656,2952
14126,2096
19447,2216
15164,2491
22871,2314
17658,3489
8888,1994
26471,1997
4910,3194
1347,3177
6583,2944
30364,1985
863,3591
19430,4580
16892,2106
2112,3018
30627,3185
4604,2018
19797,2154
29397,2011
3811,2635
404,2889
31844,1814
13272,3237
26358,2037
14539,4682
9789,3528
3086,2035
27732,1983
4349,3111
25932,2609
32808,2199
30465,2781
14088,1738
17358,2027
1625,2094
30984,1796
894,1785
14792,2725
28756,2755
16824,1936
23408,2875
2004,2489
29813,4080
5144,2211
6586,2575
18046,5365
20537,2386
32724,2144
3583,2260
16659,2498
25233,2086
951,2856
23993,5365
23173,2592
34,3486
15790,2129
17370,2223
29373,4160
8928,1872
3482,1527
30656,2702
31856,2338
22500,2207
5368,2255
15614,2525
6599,1217
20690,1626
16354,1923
16487,4878
19175,1439
8475,2405
19712,2357
30786,3092
28474,1703
18588,3002
11203,2230
1525,2245
1938,2416
15406,2145
6355,2873
19565,3721
32365,2124
15119,2410
16653,2712
5990,3371
21596,1657
27776,2502
2426,1940
27718,1593
16057,1662
30762,2829
31082,2559
4577,2430
22911,3079
7671,2721
27630,1875
6541,2003
26684,2752
20278,2134
21292,3027
22290,2911
17089,2195
23275,2764
5769,1910
27372,2887
12947,4811
506,2892
17894,3638
17044,1368
17301,2920
11496,1546
12073,4096
26733,2231
939,3197
658,1416
28423,1586
8327,3676
19647,2953
12162,2299
31001,4087
15329,2445
23132,2739
31346,1747
3263,4331
15779,1842
4064,1707
23698,2004
4683,3926
27634,4505
21674,2439
21266,3346
5516,2581
3100,2402
9159,2771
6281,2142
28338,4705
21051,3413
24458,4285
3497,4109
6220,2174
2169,2524
10063,2754
27927,2868
23588,2850
4648,4041
17113,2347
16045,2556
26864,3120
28477,5455
3374,2079
1506,1886
13740,2246
712,1895
15221,2517
17381,2943
8185,1785
17405,2558
16508,2423
25384,3080
2655,2442
23072,2377
21011,4479
23032,2177
10196,2682
8866,2475
11401,2157
891,2552
27613,2351
5140,2796
27163,1942
23309,1773
19078,1571
31670,2142
28775,1885
23090,2524
16782,2444
17279,2417
6478,4562
15466,1430
13432,2586
30678,5094
24326,3054
32773,2825
4984,2263
4245,1846
4753,2254
7954,2545
31336,2280
15800,2760
2604,2309
22341,4271
6295,3074
32453,2251
8315,2148
23279,2770
14216,2730
8764,4481
29947,4061
21726,3333
9755,2316
516,2009
7941,2278
29406,3182
32784,2012
31089,1823
24715,2877
15415,2937
3792,2206
7441,1882
29963,2022
10232,4289
4307,2976
13763,2681
29923,2937
1609,1991
26440,2644
22879,3237
13197,2452
6469,2038
9586,2497
10922,2157
7761,2237
3047,2010
3259,2018
9969,4160
20479,2605
10561,2575
10233,2785
32556,3480
9898,3065
22614,2444
32212,2410
17822,1887
22007,2179
4236,2494
3911,3377
2692,3288
25505,3297
31988,2831
14425,2795
10088,3294
5188,1981
26199,1959
7279,1864
12979,3750
11378,3266
11760,2578
13542,2765
12802,3508
20359,3174
5270,3375
23916,2840
10738,1923
1011,2814
11969,1489
14784,2531
1978,1880
30317,3397
14988,1747
12277,3382
13329,2711
2428,2004
10650,1593
2062,2423
12317,1752
4166,1798
30807,1852
18009,2716
19162,2510
16915,2702
7058,3330
25524,3168
12646,2032
14990,2325
9014,2393
4665,1759
24924,4676
13157,5570
32646,1994
26036,2795
9678,2702
17868,3243
1433,2228
22937,2786
9218,5142
1340,4278
18959,1669
14532,2841
12713,4394
15655,2438
2939,1205
26652,3420
31926,2095
27254,2011
17117,1902
21025,2418
16345,1876
32374,5825
6303,2243
29710,4209
8769,2249
31785,3187
30259,2101
1137,4286
28576,2804
2648,3525
13858,1921
21317,2988
26765,4010
24274,1926
17135,3105
5014,3161
25229,5489
5302,1994
27461,2858
24857,3637
12634,3131
29530,1798
26498,1807
27408,1941
6287,2651
22347,2234
9974,3786
3369,2728
6084,1836
3623,1999
3211,2503
24830,5086
612,2542
23525,3758
29232,1758
25274,2587
10340,5138
20206,2622
15800,2212
14122,2064
28166,2301
7272,2170
6703,4464
5357,1971
19677,2530
3143,2539
28418,1888
527,2383
18584,2487
7198,1634
7565,1624
27592,4441
26613,3096
27876,1535
16761,3575
27156,2957
31749,1080
6507,2062
8135,1752
1453,1429
24251,1905
22375,2501
6504,2201
12457,1830
13513,2214
8261,1921
17469,1957
25807,2063
27260,1548
14652,2595
23264,2580
3224,2502
14815,3091
4907,2645
12515,2476
24965,1956
7700,4134
30267,1702
23460,2232
403,5262
13528,3974
30286,2522
10278,2172
26889,5031
16966,3245
687,1863
14547,4237
22319,3691
20887,2280
4439,3743
25307,4694
13452,3312
21311,1667
7423,4672
19300,3964
2277,5780
10311,1912
11392,2389
22023,2542
20660,2935
28463,1963
12128,1928
5025,2248
21319,3712
8637,3078
1021,2447
18083,2720
22507,2247
26541,4203
15513,2348
21354,2608
1406,2594
31479,3416
12739,2149
9504,6556
5913,2355
8486,3567
14725,3390
11065,2041
25162,2583
31518,4382
17142,1660
2699,3041
30478,2943
14231,2348
13444,3026
10977,2900
16729,2563
5617,4186
19235,2239
7438,2323
1624,2698
14160,2322
17157,3504
1744,2635
5262,2986
23767,1836
14496,1536
23579,2789
5298,2822
9962,5863
30702,3140
1926,3171
1890,1974
2600,2944
18547,1849
6031,3793
28037,2597
12790,1715
3510,5162
24362,3129
30347,1726
30862,2107
30923,2272
22740,2347
31532,4040
27085,1896
26106,1718
7781,1651
23968,1346
7735,2925
19269,3978
14637,2267
11387,2094
18124,2420
7097,1872
2182,1544
14736,1799
29843,4238
32573,3530
29637,2525
24360,3600
15139,2450
27480,2281
17522,3624
12499,1097
32040,1987
2465,1858
6888,2951
19233,1517
21601,1782
16501,3217
11684,2423
3469,2776
5770,2684
19376,1850
5652,3226
23895,2477
2644,2705
20830,4649
21779,1826
16766,1912
11039,3062
21111,1726
30482,1677
16450,3486
21482,5209
6084,3805
21822,2486
31962,1817
2563,2126
4474,2851
4839,6157
5317,1758
19331,3023
30234,1424
823,3034
23966,4957
18950,2428
23895,4392
16175,2966
17927,2197
30609,4555
4172,2305
29885,3046
19840,2879
18016,5514
11500,3120
24994,1992
12871,3407
10444,1194
23035,2684
19117,3693
5996,1834
28579,2258
5035,1735
4692,3085
6287,3438
22863,2289
30058,2477
32737,2626
20525,3863
988,2778
3423,2544
13773,1513
2755,2552
15112,2713
25228,1831
7375,2682
28364,2040
18059,1959
24744,4329
21553,2358
5871,1494
30070,2558
4396,4068
3712,2716
7398,3190
31653,2509
26198,6382
24685,3477
32337,2310
2688,3512
11783,2298
2168,2225
8590,3973
19241,1964
10508,2661
5648,3800
18452,2060
14946,2258
4066,2697
10308,2282
7143,2244
15382,1840
5723,2692
11708,2788
19689,1909
12540,5267
16335,1856
9514,1652
22910,2654
27298,2068
2428,1605
19514,1916
17100,2065
27026,5715
15360,4318
17301,1491
30810,2327
891,3399
21159,2327
31684,4934
14050,2479
29463,2009
28693,3013
11639,1980
376,2571
30167,1540
27187,2304
268,2074
10697,3808
31256,1927
5816,3235
6980,4186
24928,1792
32588,1959
12832,1694
9407,1880
27022,2895
12355,3435
22110,3819
13197,2820
857,4660
7824,2322
4523,2065
6039,2047
30410,2454
2248,2867
23671,1727
27134,2618
9722,2789
2836,2799
8550,2624
2906,2106
27261,1366
28270,2970
23741,2898
20556,2362
4339,3795
18569,2153
15515,3074
12784,1993
11751,2741
10482,1686
11309,3050
26881,2277
9687,1861
22976,2000
31892,2295
21773,2985
4025,3278
7540,2534
29400,5678
6620,3023
559,2008
10612,1063
21818,3581
23161,3829
31239,3049
7911,1827
22894,2902
24656,2870
3685,3170
2903,1620
32274,2406
24840,1914
6926,3204
24953,4704
16752,4530
6632,2056
31589,2532
30738,3012
3802,2065
12859,1977
2247,1674
31548,3093
24789,3023
21080,2339
32649,2619
25217,2339
18614,3727
16606,2555
13291,3196
1089,2007
6174,3569
32404,3457
31589,3793
30896,1647
8335,2870
30316,3180
10520,1429
31908,4294
13241,3500
32658,3008
25800,2564
26383,5427
653,2254
12185,2699
19142,2987
7472,5122
22587,3981
6741,2078
18280,2307
16242,1255
5312,1844
21897,1825
29164,2709
21036,4434
12602,5850
23295,4781
2281,2457
5823,2635
2240,2191
5326,2552
14429,4297
28685,3338
30958,3005
13866,1733
11518,1652
26223,2574
15024,3219
22543,3706
2500,3389
15054,1680
31631,1731
11275,2659
26248,1858
14788,3433
7236,3213
7613,1344
2305,2935
29099,1908
9102,2688
2789,2207
32039,1403
9316,5773
3791,1952
16525,4744
32776,1957
18049,3036
6017,2813
20299,2324
1552,3653
24897,2538
16564,2255
25848,2097
27872,2297
6347,1789
29503,2853
29987,3649
4754,1767
22361,1456
18542,3074
17765,2023
14446,4132
24370,5002
24765,2388
5814,2024
17136,1735
23905,2714
1407,2345
28179,2678
16457,2760
16373,1769
2248,2874
17570,2380
23575,2631
3522,3670
11147,1947
12546,1603
15804,1789
11078,2375
691,2248
5727,3151
28353,1962
29364,3273
6166,3304
2797,2355
12606,3378
9050,1527
11301,2284
24552,2248
8964,2547
2394,2466
28228,2330
3669,2222
21465,2240
866,4059
20513,2148
1214,1384
1540,4011
30553,1647
367,2734
16597,2291
8716,1771
22279,3012
13888,2094
6512,2812
2075,3186
13865,2884
31758,2679
16365,1866
23689,2363
3204,2608
19158,3017
29002,1797
14318,2370
20636,2745
3543,2456
30508,2775
29986,2996
30501,2882
25250,1842
6008,2167
25126,1613
10246,2934
18356,2272
23782,2706
406,1845
19386,1950
2384,2052
27421,2121
18550,1260
10587,2048
9561,2264
9063,3332
400,3862
31578,2622
13952,2639
32003,3882
32439,3230
32333,3394
6255,3465
29360,2970
16788,3023
32284,3639
16267,1951
2028,3222
15533,5858
32763,1823
16226,2673
32462,1976
3547,3084
5081,3074
30257,2604
6663,3463
16712,2361
22268,2146
25121,3473
18210,1957
695,4247
1947,2889
32696,2370
16734,5228
31476,1679
11149,4140
15540,1884
32650,2725
13830,1697
13055,1779
10488,1495
28439,3488
14157,2383
13959,2164
22887,2527
24895,1948
8155,3501
18158,3826
14591,2361
8178,2738
2942,1959
21021,4970
8696,1865
15714,2251
30581,4133
12625,2270
6032,2841
8856,2056
6007,2888
31551,2739
1848,2047
29257,2164
8463,1794
10969,2479
22522,3056
4416,1881
18110,2086
23500,2023
27779,3262
10319,1877
21467,3557
29089,1591
28294,2560
20420,4119
23342,4099
19404,2606
6641,2020
7526,2271
28250,2274
26177,1908
11909,2300
29416,2051
29489,3404
26534,4972
1861,1895
8448,3228
29160,1836
14763,3417
20287,2144
13485,2660
5275,2880
7796,1379
21874,1700
16525,1914
13301,3501
20692,3211
11258,2147
7366,2441
11858,1624
32507,2498
16390,3770
3888,1806
11023,3206
32743,2999
14104,2715
32570,2270
3402,3436
30822,2534
6178,2908
24486,1949
32644,2532
11746,1051
19474,1674
8014,2591
17791,2673
13604,2825
24388,2761
26810,2340
16003,2963
11633,4069
27177,1758
4077,2285
26769,3145
4349,3241
4462,4308
6914,2253
26216,3686
2424,3541
4383,3573
10624,2589
20372,3001
10293,3476
4616,3283
19310,3130
7688,3379
3465,1908
20313,1953
17935,2368
24827,1883
23828,1710
26034,3915
4033,2108
27189,2264
21187,2014
8741,4521
2916,2241
13161,3283
23613,2878
25415,2778
22222,2198
32625,2363
10057,2045
23007,2870
16864,3529
26861,5190
19806,2367
24785,2391
13626,2568
110,2953
15027,3811
12835,4482
18147,2368
14669,2844
8999,2778
25635,2045
12269,2002
19809,4532
66,2343
26360,2202
11447,2465
3784,4174
8181,2981
29245,2669
330,3618
22862,2321
15546,2399
24290,2348
2526,1908
27863,2687
18348,2676
112,3400
29559,3047
2661,2438
17855,1838
17151,3200
8297,1987
31139,1680
14262,2961
11092,3243
13228,2089
29868,2076
19915,3654
3086,2651
16130,1576
22979,4154
28007,4689
3953,2694
29177,2381
24324,2146
12356,5306
31066,2178
22529,1841
27697,1619
26409,1945
21017,2253
27808,2412
32610,2169
8358,2379
24816,2470
5365,2085
26615,2212
11851,2582
3546,2625
24610,2146
23993,3112
7570,2954
23099,2101
18729,2624
14119,2284
119,1902
22613,1860
2597,3505
32026,2789
8923,1545
15643,3678
32426,1649
10432,1865
20446,2599
23025,2444
32369,2574
32121,3292
30483,2369
31547,3885
18222,1901
3296,2634
10925,2253
11380,2245
4249,3291
3741,2359
16863,2498
5778,1441
21278,4882
3847,2695
17421,2440
6828,2118
25747,2940
21160,4057
5771,3019
950,3458
6263,2932
32320,4316
3157,5198
1906,3210
15675,2450
19702,3903
3291,1196
28420,2521
770,2373
20099,5275
19000,2721
29894,4227
20773,2724
11471,2364
667,3295
5830,2075
18153,3668
25496,2876
13801,4035
22537,1719
3135,2178
13119,3814
28717,2474
28238,3032
8510,1993
13839,2037
23381,1923
2516,2142
6759,4987
26319,2381
27601,2723
19942,4452
28744,2964
18190,2805
26974,3042
14088,1977
10104,2035
10571,1806
24387,3484
30504,3218
22816,3075
31203,2005
31795,1992
10790,2422
2954,1648
29855,1884
25013,2011
20300,3369
5270,2880
20415,1557
4813,2089
7641,2058
3284,4054
17203,2262
5779,3167
20212,3212
6735,1642
18399,1815
10390,3597
19577,2457
30550,1659
26260,3613
14703,2724
9864,1169
32819,2245
18336,2527
9730,4542
17959,1729
16809,2178
9434,2680
27780,3529
13113,2572
21855,3517
21963,3219
19830,2115
17086,2902
20906,2475
26179,3310
4667,2688
22405,3020
32350,2499
4191,1838
28009,4046
8931,1638
21138,2604
9406,3356
12552,2618
16942,3078
16355,2405
8191,3426
19493,2168
11783,1707
13679,2460
4275,2181
10220,4293
19167,2430
28547,2392
844,1763
1093,1608
26761,2503
23770,2607
24528,2447
665,2125
16568,2016
17180,1981
21537,3052
13504,2652
1145,3802
4245,2413
3704,1661
17974,3336
21082,2868
16469,2257
19571,2322
31189,3173
25264,2649
28982,2705
423,6408
12079,1953
13327,1906
24796,1905
9770,3839
11088,2534
16698,2915
9487,2788
1539,3367
16869,4205
31979,3430
10121,2829
15579,4330
7702,2757
15215,3489
12427,6406
23623,2009
22940,3068
4563,5765
28690,2586
30598,1975
3397,3376
4939,3747
2818,3511
14379,1864
16507,2046
28666,3757
31529,2329
25318,3616
2109,3243
10465,3230
28464,2945
27576,3812
10905,3442
29924,2096
16970,5520
17296,2362
30365,1650
18287,3985
29409,2902
23683,2820
130,2458
28405,1768
7450,6742
13984,3208
28713,3045
10735,2567
13237,1337
8375,4195
3227,1441
9999,2990
20795,1738
28375,1617
12121,2829
30279,3239
4221,4481
23566,1809
2489,1732
32499,4797
28656,2945
31248,2265
9168,3787
15410,1903
27416,1330
18725,2742
13408,3183
488,2180
9955,2397
17303,4817
21384,3050
2695,2806
26988,2722
19029,3801
16971,2143
17999,2600
28048,1994
19188,5593
30534,1521
31760,3579
7735,3017
610,2673
23467,1644
9721,2550
3740,2489
21298,3084
16207,4130
27254,1924
30834,2986
12725,2431
11879,4123
28984,4589
5857,1972
20655,2893
13285,1527
11431,2756
10745,2160
29498,2315
23462,3573
9924,2935
29855,3237
2544,2734
13225,1901
4029,2016
9491,1896
25201,3409
18172,1864
20815,3207
4809,1831
26354,2108
24941,1859
29730,2568
23468,5824
5189,3444
1697,2465
14244,2383
1032,1343
18182,2224
3804,2224
17977,2667
6663,2862
28824,3528
18623,1947
11442,5619
31261,2165
20998,2372
24237,3942
14327,2012
28341,3313
32588,3736
1310,3904
11198,3957
19653,4289
13331,2070
14353,5213
11089,3975
15679,4298
31885,1868
31275,1776
9187,2537
8107,2222
45,2716
15272,3304
5835,3860
22925,1401
24822,1576
23174,1477
17851,3308
11590,3078
6307,5525
27657,2998
18358,1976
28192,1524
27542,2345
24596,2572
768,3520
17615,3222
4693,2529
5682,2141
11216,2092
14301,2984
25512,2522
10271,3775
1187,2355
11385,2536
28742,1751
22353,5038
19482,2558
163,1864
2849,2576
20319,5264
8808,2398
7217,1848
28817,2726
4921,5023
4407,3621
28366,1763
31070,2516
25852,2599
22459,1857
29944,1715
4602,1981
8015,2824
9754,2927
18825,2076
13424,2950
31221,2386
15246,2242
9093,1601
8825,1799
24609,1959
8126,2147
21768,1950
12619,1989
20210,1800
9202,2790
14819,1347
10343,2115
12943,3497
17509,2156
16619,3478
10418,4065
29939,2403
7081,1899
19047,4164
723,3680
30983,2413
27489,2329
4316,2355
2589,3304
14621,3524
17531,3972
22233,2288
2027,1380
26790,2731
5055,4454
30282,3405
23357,1979
8998,2139
18722,3055
26537,3922
24856,5461
13220,3895
8994,2736
30681,1630
24074,2509
1453,2558
1922,2970
10961,1660
22348,2550
19023,2803
12205,1512
1751,3302
25982,3594
24297,2034
5973,3392
4388,3362
10864,2443
12421,2275
5529,2129
17713,3122
13647,2011
16790,1582
14401,4031
25884,2173
4340,2510
13391,2449
11384,2945
25988,2393
17408,1855
8431,1869
14990,2890
21243,3901
16657,4102
13697,1428
27247,5673
12463,2927
19767,2291
18151,2051
3148,5262
16513,2361
25088,2876
24411,2546
5124,5410
24008,1900
22577,4063
7470,3841
4537,3871
20407,3402
24216,3094
136,1795
23943,1573
2896,2112
24746,2146
4133,3036
18338,1915
17771,1990
3972,1868
29285,4486
26925,3687
28435,2900
7642,1803
17351,3855
18962,1843
2122,1491
31724,1576
28710,4518
26154,4862
13865,3655
452,1810
6418,1951
17342,2756
22033,1755
17814,2061
27666,1635
15903,2692
9839,1265
15163,3791
15582,4079
24715,4181
2227,2602
18887,3833
30481,2256
21281,2345
6175,2463
31469,5095
16310,2777
27947,1939
8808,3711
28691,3827
5448,1837
9971,1573
30189,1667
18129,3381
24364,3529
12855,3606
30672,2865
7362,1950
6961,2264
27120,3211
10627,3624
14179,2720
14937,2212
26267,4976
28088,2288
31472,4181
8049,3195
10277,2439
9485,5297
24077,1774
25008,4267
15399,1793
22180,1783
5654,1872
31403,1820
23621,2249
23652,2092
31943,3709
3349,2059
29802,1907
18813,2367
22928,2003
23013,1890
28976,2412
14986,4090
6406,2338
15558,1804
16337,2576
7177,1955
32053,6114
25183,1588
17894,2039
24428,1702
24673,2834
1648,2494
13321,5385
8626,2800
27619,2345
29586,1741
22447,3178
20582,2519
9218,2594
8710,3014
2964,1910
5110,6252
17399,1725
23974,2368
4110,1780
22397,2151
23236,1987
17162,2524
1584,2783
25209,3296
24124,1760
28618,2175
13177,1580
13320,1626
1603,2397
1074,2436
13116,3429
12114,4914
21239,1987
14115,1891
6286,2044
31033,3791
24667,2292
12106,1431
13226,3705
9292,2412
10783,2538
17332,1993
22503,1258
31087,1685
12325,1650
30289,2202
21879,2359
17868,2786
31971,4327
21470,2179
23543,2748
12313,3724
18697,1835
23995,3492
6579,1759
28806,4570
26637,2697
13776,3208
23749,3283
2222,2990
17147,2656
29589,2674
28936,6253
27737,1924
23366,6141
20216,1903
8553,2098
25297,3421
18545,2746
28940,3298
23764,3665
8284,1859
7259,1996
13522,2549
32179,3448
18788,2209
26081,2316
17956,3566
23769,3245
7259,949
11929,2118
7244,2668
22027,1783
18391,3034
1513,3699
13112,2744
15321,4242
19506,2038
10397,4495
9092,4070
29590,4043
11243,2138
3616,4858
25036,2248
9603,6169
7293,2099
28188,3304
3864,2889
22176,2940
1465,1637
9154,2590
30842,2414
2963,2365
11342,1496
9733,3365
7927,3273
20994,2269
7745,2491
26075,2595
22339,1736
1825,4305
23196,2667
22496,3241
31224,1629
30127,1954
12164,2701
26284,1937
1602,2671
22142,2453
18977,2553
14464,3914
10401,3265
22756,2786
21270,3756
11,2259
25541,2062
32679,1711
17980,2821
27965,5674
15955,2609
2755,1934
15540,1380
17010,3409
18139,1905
4322,6464
10730,1856
28409,2077
1978,3619
2496,1855
7086,2727
18718,3206
18938,2737
16971,1916
4417,1773
26916,2676
20244,3425
17355,1657
17357,2217
17548,3204
31010,2922
29454,2902
18541,3153
926,1439
20212,4164
30036,3214
30553,2065
1371,2716
25792,3791
6371,3949
13428,2461
29064,2680
11877,3781
10413,2394
11622,2896
28734,3392
16483,3524
28515,3118
30689,2379
24193,1844
26166,4242
30941,3979
22959,2216
5267,2181
22531,2448
5832,1813
23472,1375
26763,2069
15469,2722
18362,4482
24908,2064
10965,1724
20802,2770
189,5417
30726,2643
15355,2442
17300,1822
3584,2698
20768,2025
7180,1828
6057,1956
25084,3256
11005,3020
4293,2223
18180,1978
23303,2164
25421,2227
17788,3244
20393,2089
19470,1962
25694,2340
3860,2766
16696,3100
32051,1480
7561,3061
27345,4060
12811,2699
32200,2704
6628,2321
7280,2094
23652,2691
30630,4518
19193,1821
22408,1490
17627,3164
24072,3981
16454,1641
1733,2260
26156,2032
8625,2333
21582,1900
5564,1862
30786,3828
4720,2202
23257,4192
986,2653
10816,2360
16785,3554
27140,2669
13098,3661
5626,3132
850,2671
22735,2924
31546,2405
18472,1967
26006,2912
1357,3676
12247,3571
21020,3902
25857,3031
17256,2488
28804,2553
28421,2753
2995,4853
29806,3858
2748,3410
14228,2327
13188,2086
7294,1977
23470,2233
16021,1878
6555,2278
9481,2494
7896,1950
1094,1858
1696,4017
32176,3900
11325,3544
22436,3524
17211,3128
9362,3822
1769,1640
16412,4129
26535,2604
9181,3642
15882,1512
2185,2889
28427,2505
29203,2927
14156,3142
16840,2698
11155,2920
17327,6171
31775,2705
14331,1638
15420,3379
3722,3117
30635,2023
28858,2630
15294,2893
4889,1794
31422,3889
22628,5176
5331,2175
10429,1991
1465,2627
8096,3478
23941,2509
14793,4353
16375,3182
21003,2083
19685,3525
4065,3077
12965,1577
15648,1567
14700,2008
14573,2480
27965,3834
21428,2790
23795,2500
31032,1229
1925,1757
15612,3103
6774,2848
5816,2290
14571,1489
18599,2615
18239,2154
23809,2026
17204,2363
22620,3519
13141,1849
9494,2730
8863,5086
21420,2466
8735,4030
9497,4391
15581,2468
29441,2189
16596,1998
30371,1335
13914,2975
17425,1810
8920,3861
11160,2560
23395,1707
10597,2117
29485,4747
22716,3543
11691,2661
30733,2383
4816,2577
1224,3216
8590,2888
25545,1917
13780,2757
6294,2198
17466,2260
17510,2183
7397,1561
712,4224
6498,1697
7997,4245
20568,3116
7096,2234
20423,2816
14720,1301
2735,3040
12613,2530
4080,3477
12540,3244
6976,2128
27896,3144
24801,4566
20235,1603
10473,3334
31433,2494
497,3160
28563,3331
26515,4224
4273,3287
30138,1991
12098,1813
30717,1766
25826,2614
31242,3735
17756,1360
22671,2324
32131,3321
14508,1518
15356,2919
2127,2500
17284,2432
6070,2993
3986,1786
12619,1737
21499,2442
30679,3098
15110,2067
25419,1758
21798,2592
29527,3694
28432,2387
8602,2484
17699,4553
10471,1770
22234,1505
23905,2663
31785,1680
875,1898
29570,3889
13696,2119
11389,1674
21582,2022
23625,3534
5654,2262
13903,5159
25781,2413
8570,2324
8564,2039
31384,1534
26576,2104
8349,2284
13100,2216
29474,3128
14529,3340
10621,2692
20115,2191
11682,1536
12279,922
14444,4535
23296,2348
12284,3336
4172,2424
2448,2922
1296,2534
31904,2575
4394,1903
22677,3385
5578,1797
8209,3978
22967,1732
19118,2035
13602,1954
29080,5295
22941,2304
1499,1717
2988,1873
8255,2211
13488,2352
315,3568
9523,2084
32610,2957
24128,4360
20162,3785
20732,2218
23396,2325
13112,2283
12832,1980
28718,3870
30104,1995
11282,1653
8226,2758
19559,2972
5693,2738
194,2735
9573,4190
23618,3205
6302,2137
30078,3361
416,1805
16564,2745
12171,1901
3128,1502
5134,1602
12143,3774
1371,2201
16557,2308
13464,1317
28918,1764
5285,1851
27313,2636
4499,5461
10480,1872
10519,5124
15361,3475
12560,4067
15804,2514
16004,4459
18139,1658
18442,1718
31241,3351
23863,1521
19303,2869
27140,2848
5855,2290
16448,2652
7776,1961
2068,2145
9103,1976
3735,1829
21895,2366
18359,2484
30240,5475
3316,2661
32029,2057
21813,3816
17485,2141
344,1937
19878,2661
29122,1734
25102,2169
1104,2291
15192,1405
1351,1539
16306,1792
16567,1659
18422,1747
9239,3331
12589,1940
584,3792
25484,4181
163,4497
27767,2876
13026,1778
4376,4550
3474,2046
16283,3786
7550,1742
19924,2610
19450,2524
25251,1868
28163,2655
9846,2502
21466,1435
4716,3533
9179,3432
13516,1971
17698,1701
23797,3922
15602,3958
8036,2405
13974,3992
30190,2558
4043,2323
22454,2411
4430,3448
8772,3631
25893,3471
1856,1734
16034,3932
853,3032
27882,2604
26308,2418
1943,2578
32398,2303
3122,2900
20135,3270
32603,2089
23081,1762
11632,1848
2768,4248
26843,4978
1832,2077
6292,2279
2570,1500
6821,3356
15550,3411
5405,1966
11335,2955
11770,2538
142,2768
14271,4196
2536,2490
15610,2759
3238,2135
14359,3323
32638,2385
9754,2032
28754,2517
13061,5137
22615,2851
27188,2890
2871,3452
11544,2047
27090,1574
25428,2433
25807,4716
16878,1304
30297,4528
10917,2222
12081,2027
15261,2615
15677,4333
29222,4016
29164,4679
17419,3747
4821,2331
23564,2016
16989,4869
14921,2633
5890,2740
11806,2560
16675,2923
17926,2997
11754,2393
18047,2125
3855,2672
22856,4596
28043,1890
3172,1676
16410,2612
21195,2162
24583,2258
21463,2736
2215,2157
18998,2943
18473,1746
31550,3204
2112,3671
27885,2294
17582,1438
8041,2499
3677,3107
23683,5926
8790,2122
7185,2316
12841,3856
10261,1682
31542,2422
31711,2761
17467,2631
1802,2973
31917,4560
12577,2016
12718,4050
2712,3226
7382,2976
31159,3209
404,2133
20207,2135
26132,3922
25680,5499
20565,2431
11956,2774
11653,2527
32427,2671
25224,1998
18937,2712
20320,2178
6574,2860
31987,3287
2923,1517
22859,2092
31249,2420
20762,4435
13316,2174
7863,1921
31021,2308
3270,2419
18569,1891
14161,3186
30681,1877
7570,2431
9872,2739
29091,2654
7792,2088
1153,1803
14072,3574
31259,2461
18227,2444
16022,2731
13140,3132
29025,2874
15051,2477
10226,3098
9665,2971
24669,3070
26701,2517
18663,2104
28468,1956
7417,2130
1727,4027
21219,2587
29699,3009
21037,2458
4760,2284
9231,4136
7719,2334
14331,1822
23798,2001
3815,2631
14207,3243
17518,2441
30068,3130
19661,1765
22759,3611
8526,3496
31947,2886
9134,2581
1240,1561
5804,6086
5685,2529
9159,2206
19619,2311
11733,4399
20549,4873
19471,4706
10213,1795
21901,2312
9602,1530
1872,2089
25326,3409
28520,2030
19623,3159
16904,2147
3007,3248
7291,2824
7064,2688
20417,3003
7600,3171
10028,2984
21917,3415
18507,3361
20561,2675
4810,2803
27063,3415
22055,2017
24863,4159
10323,2096
24314,1529
7481,2594
26835,4415
26224,2960
25318,2743
6195,2072
28361,2316
30587,2200
15552,3126
10848,3961
20106,3872
8658,2350
7458,4110
26613,3318
6599,3767
23803,2077
15055,1680
9359,2435
9998,1732
14553,1886
13224,3085
6417,2565
28749,3152
28850,2402
23850,2872
7989,1901
19819,3191
18582,3734
3323,1487
3047,2363
20288,3123
31828,1936
19805,1372
7768,1752
31123,2019
20066,1198
24546,2896
12697,1479
29652,1796
28397,2650
20325,2550
8492,1949
28144,3244
18254,2961
21133,2557
5223,3116
10914,2324
12691,1636
18231,1987
21440,4105
11818,3520
893,1210
1847,1966
22740,1327
22889,1947
4302,2132
2945,1712
6957,2297
22366,1610
12381,2482
18440,2426
24022,5825
13007,3420
5525,1768
29113,2366
21032,2076
30338,2693
13316,3185
26337,1373
2465,2512
16947,2372
30754,3199
12465,1978
29413,1360
28418,1918
5344,1999
20257,2151
14850,1717
28450,2191
2358,1835
8170,4628
13312,3869
14411,2988
31792,1983
9297,1669
8916,2409
15178,2344
9442,4209
29089,1960
5232,3598
13756,2141
25147,2159
1076,2720
12370,2110
24713,3707
699,2732
6062,2634
2222,2088
3577,2846
2878,1701
27932,2435
14140,3040
20722,1895
18506,2006
7886,2754
1375,2687
15126,4744
31498,2987
26050,3704
31614,2514
4672,2176
8016,1793
7932,2358
24240,4999
32518,2865
22359,1474
14271,1819
27209,1607
18207,2766
1550,4362
20373,3375
16098,3011
13173,2531
29173,3182
17954,2483
10624,2891
21462,2194
25699,2060
11446,1684
18870,2698
19406,2430
923,1802
16110,1982
6760,2905
21615,3728
19918,1967
1871,3398
26572,3383
7855,3929
16320,2580
26578,4329
10267,2977
16007,3994
17911,1510
21304,3290
10704,3098
14351,2950
5535,1547
32543,1752
20930,3972
32656,1741
6356,4543
11247,4308
21057,1950
23408,1926
12555,2715
3466,2925
26589,2903
15918,3696
17521,1767
5200,4621
12269,4475
32475,1794
423,2540
15567,1737
15391,2384
26810,2300
17449,2810
929,2411
8991,3603
19483,2419
7237,3279
9617,5333
26377,2883
10312,2559
25749,2663
1718,1619
9802,3181
5580,2144
923,3244
18412,2457
9046,2889
31019,3029
3679,1455
17954,3107
24411,2089
27963,1604
31246,3202
10487,2729
676,6600
25214,1715
18207,2237
23040,2781
23248,3982
5842,3231
26586,2080
14951,2425
6613,2283
6926,2614
13275,3969
7919,3672
29989,2949
16420,1757
8645,4983
24164,2483
28497,4034
29099,2960
6515,3888
1734,2441
9082,2600
23699,3620
13201,2632
5294,4081
28761,2029
9302,3233
12779,1822
30733,2107
5310,2088
30427,2292
29415,3026
13922,2348
370,2223
12782,1501
10168,4936
28622,2791
14883,4728
12816,3166
9398,2569
6460,3254
27078,3267
28676,4445
11058,2716
7602,2543
12238,1847
16359,2148
4576,2421
2384,1966
6867,3231
7080,1877
4478,4985
24403,3941
17151,3807
5565,3564
32308,2833
27123,4304
3023,3303
32583,1662
6404,1734
20276,1704
13343,2901
23753,2504
24037,2151
1705,2172
3055,2618
30391,2029
20612,2003
30517,1670
5309,2190
23567,2496
3746,3127
3666,1975
30354,2511
28478,3239
7671,2922
15645,2185
9749,1916
17448,2790
7909,2034
32803,2574
15045,2027
12430,3127
29428,2590
28625,2897
30913,2218
2497,1278
15830,1479
6483,2371
4494,2583
25467,2914
25823,2807
3384,1721
9307,2416
20139,2140
6603,2934
13421,2118
5716,3784
21289,2901
23512,1786
1278,2835
16637,2717
7936,3132
1199,2379
4693,3330
26451,3257
6572,3499
15417,1924
21997,1849
7113,2136
9591,1924
16223,2944
9165,2536
22015,2513
19698,1652
28494,3874
13050,2837
13676,3113
15578,2253
18759,1900
2493,2918
30065,3679
21506,3511
26669,2534
11396,1914
23783,2447
25301,1855
12616,1910
17834,3612
24140,1816
8308,2689
799,2336
17225,2801
3754,2012
17108,2094
11349,4599
27229,1681
32709,2106
28886,2428
11711,5374
26942,1550
2919,3757
24223,3113
19154,3067
17747,3106
16971,3075
18995,2524
13793,1255
7512,1892
3003,1938
18202,3015
3121,3836
17362,2110
14175,2869
19060,2134
30663,2985
9541,2321
25059,3035
25909,4900
27792,2001
24483,4533
5599,1498
14173,2367
23543,2253
1681,3777
10593,2873
27506,2382
16341,3563
20926,2743
18486,2513
29973,4131
3529,2426
18191,2890
20520,1926
30510,2359
8684,2599
9556,4281
10548,1871
18151,1606
11950,4882
11732,2413
28792,1350
20305,2356
7823,2651
22669,4830
18716,2358
9718,1966
17460,4005
14300,2832
86,3076
15726,2532
897,2254
1480,3485
12407,3055
29209,1833
21276,2131
4902,2827
29966,2579
26153,5029
30298,5560
1337,2061
24288,2439
4104,2224
13304,2583
23992,2772
3933,3932
1968,1613
1700,1838
7815,3334
9899,4218
10897,1927
28172,3326
28818,3094
13529,1828
8168,1995
31384,1593
5043,3837
9492,3288
9113,2993
29997,2362
17784,2757
26915,2349
10003,2941
1931,2097
19007,1680
20678,1994
19596,2041
11673,3438
30971,2106
30381,1375
29648,3377
23682,2164
11810,3398
2316,2363
32755,5241
374,1699
29902,3400
19748,2518
17524,2042
8338,2770
7416,1404
20005,2632
16018,2505
25047,1836
10034,1564
16139,2764
12289,2878
1401,3281
13495,1843
5742,4148
8971,3109
26258,1726
23716,4196
5959,2766
23143,2794
25219,5606
20441,4634
15985,3290
27568,2753
20375,3789
16029,2561
2121,3220
8981,3169
12178,5990
23580,3462
10503,2223
15270,1738
17952,2747
4430,2782
30982,2761
25630,3567
9814,2170
31113,2744
5809,2369
12164,4912
27655,3874
11295,3206
6835,2281
10915,5346
24908,4382
14847,2374
31003,3384
31022,4333
11981,3122
8390,3695
20726,6252
29450,3374
31699,3484
14076,4567
12522,4683
418,2961
26684,2330
19406,1662
2072,1498
9949,2323
3925,3754
4583,2980
17993,1627
15818,2071
31137,1748
27694,2377
14797,1543
19446,3201
31238,2089
8907,3110
18676,4696
6103,2848
29743,1847
19511,2890
14432,1689
4890,2435
949,2535
19119,2471
30011,4237
9537,1905
8431,2680
25524,2670
20467,2604
2373,3763
404,2957
22253,2483
19734,3136
29651,2045
2741,2795
11466,1765
14914,3596
1086,3540
17093,1626
1011,4076
2088,2500
25823,2137
12544,2551
27783,2291
22265,1951
18500,2580
26610,2273
9039,2539
13108,2003
10633,3223
19188,2580
1937,1710
24112,5102
24321,2494
4278,1654
26800,3616
3813,3497
21008,2252
12272,4789
28478,2214
3019,3611
1017,3730
26111,1998
22488,2706
4289,2975
11028,3390
1934,5801
10197,2318
30397,4602
1165,2832
2523,1950
10004,3993
20417,1342
8132,1788
30569,2332
20069,1654
6748,3115
27248,1308
7043,6033
1370,3697
22554,2077
13452,3528
11603,2297
26842,1531
1021,4736
4803,2050
12520,2168
23438,2061
29288,1537
26844,3406
31422,1437
24446,1482
146,4089
20258,2002
2958,3983
808,2748
25995,4583
9433,2037
21804,2436
14644,3542
13782,2425
22785,6295
8245,2289
494,2280
27780,3529
17796,4024
6218,1521
6834,4160
1458,4335
30880,3774
11997,2389
18713,2083
11171,3489
20444,3964
28109,2029
20416,2313
26040,3147
19464,2594
28052,1363
25716,3211
3536,4469
8478,2641
19513,2151
15360,1048
7935,1327
5568,2250
10802,2938
17814,2473
19215,2707
27026,1656
18102,2463
16680,3238
854,3633
7268,2439
26656,3224
5472,4690
6614,2566
26373,2295
23578,3051
16060,4851
22030,1956
17098,2730
6402,2769
19024,4804
76,2042
7393,3212
12191,2237
16159,2797
7054,1738
12225,1597
6496,5796
26026,4021
8597,1855
22262,1941
7476,2589
26982,2155
7754,2461
24561,3078
19095,4306
17134,2360
2325,3052
31421,2699
11064,2576
14338,3221
23309,2011
22330,2139
17778,3062
32690,3623
19397,3123
15877,6479
22616,2227
13654,5463
18189,2070
29232,1633
31262,2962
9567,2010
20995,3652
25381,2286
735,2640
24266,2585
9330,1625
9076,3390
12323,3040
1156,2762
14791,2404
7502,1726
21921,2404
12615,3244
16220,2232
21765,2097
8579,2059
4086,1860
8061,1718
1499,1681
1749,2612
2602,4653
8935,2186
3785,2047
22159,3694
17823,2337
1658,2457
27925,2032
14692,1726
5454,4227
12020,2135
15768,2252
20392,2145
9260,2148
20737,1444
15192,2491
10529,4362
26968,2323
7498,1508
19070,1425
14638,1573
17834,3550
11569,2383
2955,3814
1067,3137
11106,3423
23557,4352
929,1907
9147,2844
30426,2976
19538,2462
10455,1400
8735,2191
20213,1894
23119,2865
18502,2083
14018,2184
13156,3356
14293,2238
18302,2948
30237,4450
30351,3961
22122,5813
28666,4236
13136,2312
28190,3675
17584,2517
2870,2473
30622,3292
22539,3016
13261,2047
4105,3569
14899,3059
7489,3058
10855,3335
4082,1735
4851,2049
15521,2354
14118,2528
401,1841
17066,2665
5373,2477
1746,4073
7648,2261
3867,1863
998,2115
12279,4037
5579,2779
30798,3639
5984,3971
13792,1675
26907,2655
15333,2144
17528,1659
10316,2482
12543,4247
28120,2504
7205,2745
19155,6449
15662,1883
25864,1188
6616,2402
15135,3667
11207,2595
32671,2012
29282,2178
1135,3507
28140,3616
22152,2817
28417,3523
14834,2580
28,1965
31585,2252
20880,1675
16130,1812
30093,2449
2261,1851
32500,1607
20281,2031
26353,2887
11984,4203
994,2346
29197,1974
16466,2389
12399,1778
15903,3247
5198,2221
16279,1723
5291,2469
19296,2905
8858,739
17321,1982
17928,3241
19804,2433
6166,2289
27673,3899
2599,1610
26533,2149
6885,2947
31760,2331
16729,2457
11412,2325
13220,1542
9855,4489
27874,1710
25678,3022
2796,1504
7823,3434
7519,2721
13253,1976
25419,2658
25076,5978
4962,2871
6612,4718
29856,2825
9401,5363
27354,2874
25802,1833
24225,1686
21546,2197
25571,2660
7770,4691
14908,2330
21013,4472
18172,2672
31256,1965
7861,3776
2620,1824
15534,2887
11648,3164
7170,2250
197,2465
11052,2838
28148,3332
19985,2170
10115,5145
2539,2891
22154,2542
4450,2170
5521,4155
2775,1964
12337,3683
1261,2796
6956,2025
23312,4847
23296,2398
28590,3806
11655,3528
23723,2396
10298,1684
22466,3150
15678,1528
28382,3168
25050,2922
9650,1811
2179,3781
4306,1863
21061,2950
31223,2027
7965,2268
5937,2114
16266,3051
18054,2473
13094,1934
17017,2483
13296,1697
4125,1408
19743,2063
7485,2169
315,2791
18896,3080
29230,3266
32412,1825
27792,2355
15153,4380
3678,2276
7398,4109
17503,2835
21904,2256
14534,1792
18010,2211
14456,3277
20266,1625
10980,2206
7760,3449
15870,3338
9383,2176
24401,1878
15804,1925
19126,2825
12034,3260
26864,1282
9073,2596
25659,2961
12754,2452
23669,4092
5678,5159
10033,2676
11863,2542
1227,3746
4853,1483
19596,2119
31578,1747
30589,2056
9132,2323
15548,2710
1109,2538
24920,4840
17164,2434
7321,4439
16578,2642
30160,2582
30419,3438
9217,2270
8720,1614
25676,3480
26413,2411
1675,3051
30336,1688
27894,1997
7511,2598
6197,4016
6906,4950
25440,2158
18732,2146
4027,1417
30984,3495
21681,2493
7978,2104
22760,2360
26735,1756
17892,1896
19172,3644
345,2077
27934,4788
3857,4290
30483,2475
24756,2166
11326,4076
149,2752
1727,2196
20407,1557
26774,2783
30077,3771
9573,1245
12674,2567
437,2980
1724,3188
20480,1973
2710,3092
25375,3098
19000,1988
3560,2499
11666,1688
28678,1988
14171,2534
22209,2094
27934,2421
19785,2994
13175,4302
30355,3070
17949,1977
14531,1862
26939,5854
14553,2348
21352,2574
25242,2464
27086,5248
6998,5950
15476,2959
26397,2777
30461,1829
28039,2666
28071,2860
7009,7044
2309,2310
22414,3485
2569,2519
5688,1600
27887,3624
22933,1886
19230,2922
19027,3061
21331,2822
22698,2915
19830,1778
25373,2658
6002,1790
1530,3807
24284,1857
8949,2302
24264,2505
1270,5280
22225,4269
23006,2330
23353,3391
31889,6338
3604,2251
6872,3303
25244,2399
11340,1822
14782,2086
10581,2330
7246,4806
31357,3508
2978,5046
6375,3134
28699,3900
25426,6608
2799,2766
21547,2753
12646,2447
4793,3033
16260,2066
11205,3057
30457,3132
28473,3731
31128,3735
4238,2942
29569,1697
18370,3550
6825,3528
23012,1295
10976,2868
29911,3132
2511,3379
27208,5452
17732,3477
6308,3480
25763,2388
21378,4100
13551,3184
28537,1974
1495,3861
23222,1583
1058,3923
22208,2639
12818,2404
4707,2138
30353,2044
232,2138
31357,2101
735,4693
27748,2259
25735,1916
23876,2645
7272,2036
24927,1771
30467,1965
32625,1819
25159,4926
30068,2578
18266,1811
18920,1144
32103,3039
3396,5402
25794,4904
32469,1816
6825,3941
8101,2561
12604,2370
28462,3153
18180,5609
2978,1995
21708,3373
19413,3190
636,2604
30859,1756
15357,1636
8964,5091
14452,4368
9717,1906
12172,5319
3678,4457
11121,2544
12985,3257
27225,2911
7815,2333
18421,2783
26236,2125
29886,3331
30300,4261
24705,1627
18687,2162
25250,2382
13553,2209
28129,4229
2849,2475
28163,3265
6027,3495
12729,3518
2610,4052
12729,2371
1543,1931
12240,2750
21208,2471
15273,3248
21190,6644
26660,2484
14325,1801
4640,4829
27495,4452
7165,2368
27617,2202
11807,2210
18281,2773
22146,2343
10541,2640
10969,1680
29119,2598
23493,3018
9877,3208
30486,2446
23033,1851
11615,1993
3489,1993
12984,3979
25711,5151
31517,2754
26654,5094
10137,1565
11664,5593
1868,2151
20600,2829
19290,2450
10328,1965
8163,3803
1591,4159
1415,1720
19120,1381
2849,1711
4756,2505
8321,2226
12506,3005
26305,2466
12917,1698
29158,1974
16819,2757
9353,5074
5541,4146
29064,3495
9389,3092
24009,3030
15995,2413
18310,1938
20615,1145
1333,4994
29354,3796
4118,3516
18585,1829
5414,1151
1518,4101
5099,4795
10145,3611
19755,2906
29593,2061
13864,2043
28739,5429
6194,2807
23192,3146
22172,2010
26850,1801
16112,5308
29703,2348
161,3554
27521,2690
1629,4335
23299,4565
21353,4422
15398,2583
18992,2173
10828,2155
27004,2091
16681,1556
6420,2913
16069,1547
10854,2054
31153,2781
1553,1993
24916,2443
26236,2029
28208,4654
5450,3129
5714,4230
24069,3422
23835,1208
794,1480
18280,1968
14144,2492
13308,2409
21414,2156
8161,5115
17055,902
15631,3276
4947,1593
480,3491
22393,2796
2527,2513
5042,1455
2986,3468
24815,2542
2539,2020
22076,2635
27891,1700
11448,5759
27987,1408
14910,2555
11568,2303
7976,3351
3627,2283
11702,1686
25879,2777
5590,2893
31893,2506
22581,5336
23366,3563
7427,2712
724,3276
8775,2317
12556,1966
25718,4012
28675,3292
25600,2450
972,4893
4892,2122
11480,4060
7139,2831
30165,2298
27929,2188
9704,4133
7779,1933
4177,3768
13825,3530
25826,3623
32673,2528
20382,3472
6415,3804
12850,3938
13344,3192
13884,4247
5127,2953
17622,3140
20885,4432
4734,2096
28724,2327
17802,2337
25502,3673
28155,4164
13687,3543
20584,4349
22107,4300
14979,1762
5971,2328
13061,1836
12856,2144
16665,2033
1485,1958
4594,2447
1827,1762
7348,2129
1976,4569
19801,2412
13654,1441
20640,3881
1698,5467
31395,4080
6167,2853
18659,2182
6169,3456
2721,2107
17634,2479
8903,3614
10953,3321
500,4213
19602,2259
1728,2634
20979,2582
10579,1768
23133,2111
17593,1906
11423,4335
23784,3526
19387,2635
12700,1952
26941,2530
27417,2579
3443,1943
13588,2226
16291,3976
15364,3059
7167,2739
27527,4389
10328,4016
29892,2947
282,1844
31109,3651
11513,2049
8674,4321
17292,2351
26931,2888
21977,3892
16951,1603
26479,3718
6670,3292
17120,2236
31185,1699
3477,4055
15263,3525
10811,6804
29693,3742
23249,1915
29259,2448
5578,3804
3772,1702
27572,3071
13290,3469
29154,3044
19387,4120
19156,3697
19957,3321
28366,3157
1691,2288
16735,2074
13528,902
2267,3815
19524,1854
12905,3632
23512,2579
27466,1761
24747,3153
8873,2697
9806,2769
28521,1892
30845,4764
3396,2722
6247,2262
29114,3812
14305,1582
9876,3728
11025,2642
1515,2975
10241,2070
17322,3517
4702,2477
18503,4355
27718,2564
6827,4078
27372,2663
27214,4840
23482,3233
26106,4493
20657,2301
8047,1694
26570,1983
3854,2711
16581,3303
13540,2680
27803,2468
9283,3632
6410,1614
13692,3442
6934,2974
9464,2740
9650,1973
16512,1986
13831,2139
18966,2303
3123,1915
8223,3650
10535,4067
926,4356
27804,4361
22090,2371
13948,3332
11420,3509
24187,2003
15666,2155
8071,4381
4381,1942
2558,3440
2928,2646
3219,2805
4003,3765
2185,6221
6361,2484
25496,3261
10195,3857
16095,3587
8391,3511
26375,5488
3806,2916
7640,2283
25160,1715
28802,3655
31417,2426
24078,2815
19203,2315
20489,3466
26913,2693
7750,4077
9242,4275
12718,1620
8582,2553
9881,1123
4121,1638
17462,2397
19972,6054
8518,1733
17617,2953
28806,1672
25495,2368
12762,2876
27540,2535
7632,3704
11232,2143
450,2363
8,4438
9303,4010
4416,2551
1970,2613
11243,3175
9122,2401
9378,2360
14552,3012
21637,3948
30177,2833
6578,2655
10826,1845
2971,4762
18817,3802
16940,2868
27039,1462
25724,3786
30058,2494
13941,2419
19187,2715
5570,1880
11416,2084
18980,3042
9619,1716
6815,5348
4030,2358
8690,1795
8319,3194
29537,1759
1058,2845
21005,4222
5827,2035
15377,1493
10476,2048
9605,2930
5260,2001
32600,3628
2721,2616
12570,3151
23257,2363
13807,1574
2297,3141
19211,2374
22100,2501
10492,2064
2161,2246
22075,5186
28240,2404
4303,2031
6090,2223
20626,2728
3215,3003
20383,2454
3983,3520
15798,3317
13623,3631
2359,5002
12618,2271
27438,3262
2719,3358
32792,4121
13784,2605
17071,3819
5001,3278
15204,2521
10297,3684
736,2938
17830,2648
20073,2602
10654,2933
17087,2471
11002,2860
27034,2972
31573,3246
2576,2749
23703,1934
19873,3186
16866,2544
18471,2912
28657,2320
2634,5439
1603,2676
18769,4414
2137,2055
7699,2907
31524,2207
25982,1449
16951,3083
18642,3415
6027,2739
10313,1932
10428,2050
31801,2388
22871,3702
28277,3045
4593,2136
2286,2640
14921,2665
13711,1507
22976,1702
26800,2949
32459,2247
19765,2722
17392,2059
12348,2474
19758,3022
8019,3779
30374,3473
2190,3697
21436,2699
27581,3328
13151,3771
12474,3170
133,1805
14675,2178
12661,3795
17082,6024
15555,4358
16021,2184
19202,3413
4695,3691
18494,3759
26132,3512
29582,5137
20592,1977
2964,1619
9455,2492
4390,2480
28106,1954
10787,2776
31035,3798
31005,2643
20623,2323
2035,4674
18716,1942
6271,1846
128,2174
13948,2224
16706,1471
10529,2469
21281,2401
21912,2872
4503,2615
6881,888
1546,2093
3904,2921
9950,3563
2630,3634
10202,2387
23141,3346
11237,3215
176,3477
10553,3092
8253,1958
3859,2388
21182,2477
19988,1570
3051,2686
2526,3810
16717,2644
10366,3589
25342,1552
794,2218
284,1896
31996,2393
21057,3161
31094,3300
23949,1927
24115,2046
16727,3867
20894,2605
32165,2077
29013,2257
15974,2556
32523,2482
24601,3244
16683,1354
21647,3966
17773,3400
19670,4684
18351,2169
28850,3413
27608,3185
12412,1437
5923,2362
13444,3892
18086,2582
849,5749
30966,1241
21787,2022
32548,3106
25521,1983
29249,1625
30568,2126
8234,2661
2221,3549
22897,2906
25839,1940
10995,3149
11927,2390
14723,2676
9787,2658
12942,3094
16955,2775
20579,1490
21297,2996
5471,4508
1653,1971
13122,3869
24082,2383
30411,2816
8773,4717
4113,2715
23291,1431
17769,2334
5140,2218
12221,3697
10154,1570
20131,3164
19707,2752
24147,4200
22049,1826
32793,3343
19503,4011
7485,4784
24255,1230
10721,1769
18956,2186
15048,2408
29106,1700
6529,2614
5966,4519
17675,4231
32234,6027
14350,1815
26176,3271
8643,2866
8684,2157
15887,2138
32790,3307
9093,4590
23933,4455
6322,1889
309,2473
8072,2445
11176,3181
17847,1941
19781,2163
7307,2268
31262,2192
19857,3669
29314,2740
32084,1976
21002,2462
12801,4019
14741,3909
30674,2245
12191,4112
25078,2555
22684,4190
6077,2387
23248,2620
7308,2254
23185,2782
9113,2289
31980,2882
22612,2803
9693,2417
22812,3373
21604,2186
2190,4083
3358,1618
24081,1727
17087,2487
18104,2772
27812,2327
32382,2909
19219,2676
23595,1699
24592,1719
19063,2420
20765,1837
1641,2737
26750,1773
13714,3380
14452,3898
8189,3569
28677,2580
19160,3032
32421,2188
28034,2875
23504,4504
20911,2357
23261,3745
14531,1993
31516,2105
17769,2148
1604,3694
6454,2253
18793,2666
3150,1909
22123,2949
1771,2963
409,4681
24195,4851
4975,2701
28700,3824
23121,1754
84,3411
11975,2541
25453,2229
21417,2771
1460,2885
12772,1827
13486,3222
13405,2717
14822,5192
27641,3584
29024,2553
30321,2618
12237,2756
25638,3519
25206,2205
29155,1965
24441,2305
10453,2580
1257,3498
6644,1881
16839,1385
8883,3904
26326,2902
18376,2483
32569,1843
11754,3574
27258,3941
30704,4322
5656,2464
6732,3041
16313,2491
12617,1776
20520,3154
28232,1846
28381,2496
7192,2606
835,4339
29881,1640
12686,3569
2474,2402
14027,2658
32047,3377
8029,2904
16806,5690
28704,2898
27974,3168
32246,2095
9468,1922
21176,2284
1112,4005
26066,2734
18914,2846
14127,2307
23876,2168
9049,2638
7277,2243
31402,2043
5062,3538
3604,2205
5826,2717
14799,1970
5252,2270
4226,2288
9208,4145
6150,2644
21076,1974
11332,2017
10914,2211
25783,2262
2866,2706
2204,2775
210,1803
27128,2365
21076,2851
3317,3028
26900,1891
30586,3224
3068,1787
18429,2956
833,2182
10767,1771
10363,2539
24290,2109
20863,3473
19926,2113
6514,2487
10642,1931
3292,2338
9758,1998
13170,2718
32797,3287
21967,2910
27728,3718
4837,1263
26804,2800
23549,3966
20477,1634
26799,1866
29481,1793
29632,2593
9048,4033
19600,2083
30602,3022
21861,2900
6205,4244
11268,2670
15776,1661
16872,4391
23275,5381
8790,1944
20044,2393
4329,3245
25429,3654
31262,2502
5409,3029
16352,2829
29485,2011
19977,1955
1668,2892
18870,5261
28588,2704
3119,1832
26379,3084
11314,1913
29401,2396
10068,3742
31817,4446
451,2075
16361,2514
9358,2158
24158,2689
22773,3393
11635,3292
18514,2930
24133,1778
19634,1658
25601,3597
20213,2837
29939,2566
300,4096
17940,1855
31868,2876
2625,2281
14515,3185
32722,3915
30977,3666
8970,2340
20242,3998
29192,2036
21874,1661
425,2737
8535,1650
870,2260
19629,2581
16139,4026
28753,3598
7993,4199
31225,5311
18308,1943
19474,3684
29798,3339
22844,2480
27387,2613
26452,1775
22154,3634
32763,1765
7274,1840
30099,2501
3040,2563
13042,4006
978,2217
1962,2670
13227,1932
30038,2069
27865,2646
18344,3406
31634,2484
8025,2890
19668,4743
13867,2334
24895,2757
11201,3794
20408,3344
4620,3129
31937,2741
21192,3575
9085,5988
23097,3122
10099,2021
18572,4089
23667,1527
27224,2548
22557,4655
5870,1931
3325,3099
5101,2674
4244,3031
403,1636
21714,3291
32336,2818
14126,3409
29775,3684
27243,3059
26962,3474
1381,1737
19297,2008
276,2309
19986,4559
4529,2223
159,1800
9516,2317
19995,2346
24820,2553
28350,3841
29645,1673
27811,4126
16836,2541
18921,2513
24258,2723
31910,3374
14034,3246
27894,5246
5059,4156
32556,2510
18495,4930
27215,2977
1827,1985
16979,2886
8340,3268
18874,3021
21342,2638
21174,5521
20465,2028
15437,1664
10798,3742
2298,1965
4693,3641
22339,3387
12147,1678
24987,1613
21393,1541
27789,1760
27257,1690
2770,2576
8972,3052
9696,2137
25488,2729
1092,3158
23826,1802
28699,2616
19643,3997
14683,2696
27235,6628
13169,4405
14018,3569
32687,1819
20339,3274
27633,1609
6854,3548
7699,3671
16405,1978
23543,1900
7148,3357
18145,1776
31795,5874
12990,5326
18172,2375
4556,4246
25157,3063
30305,3077
25621,2100
21198,3607
4900,2238
28985,2093
11469,2305
8231,1975
12350,2453
8905,2399
28961,2701
15855,2412
29743,2708
29301,2810
6259,3738
8470,2654
3953,3310
23373,3121
8438,2089
9525,3189
26786,1957
11109,2504
8380,2710
18333,2104
17421,2641
19431,1433
30055,4090
12316,1720
24607,1947
19339,2282
18481,4250
5675,3986
29582,2440
6118,2740
20114,2215
10137,1970
3804,2404
30192,2212
9818,3050
21980,2589
21992,1886
8220,1231
19539,2313
1460,2215
615,2771
7295,2872
15090,1663
14430,2240
5869,2313
24755,2732
23846,2059
1344,2633
14741,1792
7646,3071
3622,3956
16191,1941
28017,2822
19116,3368
17595,2055
8384,3666
2510,1950
29875,3925
17448,1691
26455,3716
9611,3018
32421,1446
4306,1730
7453,4675
17196,4691
26648,2493
2993,2631
11004,2568
4808,3645
16542,2015
20040,2632
13026,2090
32336,3880
9749,2841
133,3844
17209,1912
6679,1440
13316,4231
8163,2822
17868,2567
19531,2472
26573,4444
18712,2560
22299,3528
7600,2074
12275,963
17024,2376
2012,2977
5384,3323
29527,2349
22821,2081
23164,3859
12378,2781
21718,1920
3375,2416
22782,1762
23410,4686
26831,3354
4427,2017
4775,2925
2343,4870
1552,2868
5387,1395
28745,1623
1209,2210
25108,2934
1701,2580
29480,1350
7531,2731
16213,2637
8433,2792
7728,1648
12350,4370
8565,3455
3581,1927
32655,2880
22679,3067
3182,2126
14725,3574
32771,3522
7211,1855
944,1871
14692,1568
6493,2069
8039,1792
6516,4957
5169,2958
26090,2741
31644,3123
15530,2980
29017,4968
20165,2103
15686,2093
25597,2811
14039,1813
3465,2898
31194,2644
15800,3951
4247,2319
7173,3137
29873,2691
691,3086
28920,3272
17383,1174
5697,3114
6625,4643
6680,3934
2330,3279
20011,2526
8520,2880
31000,1633
12193,3691
9485,3970
23587,1283
9443,2647
18512,2370
11317,2866
11322,1958
5827,2015
20170,1680
3411,1947
8240,5600
30635,3155
19024,2579
10,2465
13486,3784
25390,2565
28277,2465
18777,2500
8950,2923
5965,2534
14998,2841
5999,2314
8342,3532
3842,2229
10826,2732
22738,1614
6204,2564
21154,1603
21344,3500
20044,3255
18520,3018
10687,3413
10593,2280
13405,2133
9332,2347
3006,4322
16808,3906
15466,3134
5117,4450
4528,3453
22449,2366
28171,4578
23309,1957
6896,4193
7550,3740
11762,4400
15025,1969
30791,4298
5083,1843
31955,2056
25535,4901
31966,4667
28548,2158
4650,1871
9454,1535
32654,2091
844,4233
13536,1535
26568,2824
16453,2685
21751,4125
11484,5785
6614,2212
767,2561
4071,2253
10480,2631
3426,2699
19907,4241
6488,1817
31138,2042
11136,2695
22239,3109
17641,1872
13301,3148
2719,2052
25836,4320
4299,2038
15207,2240
18385,1976
6341,2964
22345,2626
18316,4461
30339,3864
26667,3762
16810,3712
8986,1546
13174,3673
6021,3737
8216,2811
9177,2351
20055,1696
29630,3063
10907,1896
4806,1991
10716,2087
8186,2999
19855,3517
7051,1950
9915,4507
12588,2585
6647,3604
409,2159
21977,2396
7234,2656
12022,2837
16656,1705
5605,2026
32313,1658
13655,2110
21638,2058
19656,1939
27828,2303
19315,3294
30442,2046
804,2887
22182,2431
19096,1694
15403,2307
2176,1404
15453,3557
3131,2078
11569,2010
7009,3317
22468,3248
17170,2245
32656,1945
13746,1788
17552,2141
12827,3521
19554,5377
8959,2626
30845,3700
21423,1837
4935,2409
21808,1578
12876,2763
26641,1264
6721,2826
3436,2755
15839,3616
25697,3929
32359,2508
16274,2197
3566,3406
2805,3141
15896,2478
2266,2744
18378,2626
30362,2336
19214,1723
29857,1801
9664,2150
1180,5573
18865,2618
20962,1690
24007,2709
23319,2015
15756,3828
31387,1894
31005,3204
20148,2007
4038,4991
9148,2812
560,3925
7531,4288
20019,5116
9346,4604
11493,1837
21976,4662
2775,3988
12213,2356
21946,3073
11873,3179
20080,1452
7183,2262
5194,2430
30203,1590
18234,2686
32201,2261
1217,3678
8825,1792
32111,3428
29915,1732
8236,2422
28366,1270
15770,3048
28482,2799
11716,4013
18286,2147
15880,1765
19501,2419
13611,3011
32728,2939
21996,1652
7067,1875
24276,5122
28268,4357
14567,2385
3119,2123
17126,2118
1320,3579
10452,2761
23456,2944
22218,3540
10356,4318
25896,2692
2077,3251
20885,4512
3427,3944
29936,2204
12791,3434
27718,3286
690,2502
23925,1982
13059,4731
20215,2389
25339,1957
14882,2680
15580,2025
2791,1709
3175,3572
18365,3038
10515,1709
11503,3721
5591,4290
8185,2713
26927,2822
17184,3387
3624,2810
13294,2750
30994,2567
14980,3399
30297,3440
32325,2617
14141,2450
26253,3440
21282,2177
3300,3909
31550,3305
8772,5552
7220,1433
14918,3750
9813,1582
31809,2791
1984,6394
16684,3243
5883,951
4865,2190
26089,2356
29458,2655
18160,2943
8263,2854
5610,3367
1147,2350
10699,2137
31495,3012
4004,4483
18356,2036
27248,2840
25158,4581
12645,2059
6434,3574
11095,3336
5430,1660
8826,2111
25935,4379
6327,3812
8128,1917
10752,2514
15446,2695
3688,2578
28905,6130
20609,1871
18999,5544
13700,3254
6355,3737
12281,4194
6672,3192
5487,1762
3655,3235
21737,4064
4287,4312
29367,1661
20528,1806
14064,2005
13016,2690
1189,1815
18431,3914
26694,1727
22748,5288
7009,1934
14251,6239
14206,2992
3995,1718
30729,1904
23377,3933
19157,2319
12969,1935
29293,2435
20394,3148
10564,1989
7154,2338
19615,2709
15374,3492
27293,2653
2617,2377
17789,1862
11327,2634
3077,2656
18191,2234
29336,2303
28977,2605
27243,2329
25444,2636
2274,2173
18196,2528
11199,3025
31323,2388
18627,2445
2247,3806
14220,4293
29922,3237
26369,3410
4319,1707
10049,3436
5241,3187
32808,3542
20534,2555
9739,1863
13179,2255
7402,2485
22810,4804
15658,3200
17852,2678
4918,2914
31845,2908
1437,3563
13457,2442
773,2772
6835,3069
17101,3795
23145,2875
15733,6832
17574,3037
10331,1974
3036,2152
21548,2588
25349,2036
1053,4553
11686,1429
5010,4751
4033,2725
9006,3612
7215,2825
30133,2661
30176,5118
22963,2208
23564,2067
31586,2119
20285,2616
29814,2241
28657,2421
32595,1990
25594,3823
31693,1846
17422,2921
15095,1952
58,2901
19804,2562
13480,1889
17048,1538
3583,2313
1102,2524
13819,2549
781,2577
6869,3262
18910,3302
3540,4569
19682,4079
1233,3434
31503,2321
30875,2949
22712,2584
7124,1416
15581,3668
26632,1952
7710,2284
29999,4680
30439,3046
14547,2459
22752,3598
18632,1844
26684,2208
17227,3631
32136,1722
4742,3708
17444,4280
30248,1399
8792,1470
22910,3261
3534,5312
802,2245
30839,2347
17446,2049
31568,1914
8579,2783
16003,2676
21743,2788
23438,1530
7426,2224
21036,3783
29893,2853
6935,3956
20113,4851
3455,3341
28098,1586
15250,2142
18423,4245
9001,2674
18654,1890
2913,2137
5240,1945
378,1860
14857,2678
16296,3511
13820,4426
12124,3392
16741,1671
11310,3039
14521,3873
20943,1936
13597,4021
9420,3220
20520,1943
22095,1792
16477,4299
19358,2101
1843,3130
4141,1766
11508,3354
18557,4165
2295,3106
163,2164
20949,3830
23407,5598
10024,3923
26230,2628
5615,2093
31611,2512
5126,1916
23643,3586
1685,2431
29006,2229
19974,2031
26556,2971
2352,1794
20850,1593
5728,2082
26632,2587
32310,2210
25645,1759
17758,3343
29285,2528
9271,2613
21493,2902
1442,1790
29417,2431
24949,2679
5756,1688
6468,2048
23112,3750
15532,4227
10083,1857
24531,2091
11173,2516
12732,2416
8519,2382
24925,1966
27131,2479
18932,2631
12962,3366
31196,3820
31859,2481
20590,1655
26956,2679
31411,3644
9627,2489
23492,2177
8037,2889
19160,2280
10734,1772
19918,1936
2893,7124
6588,4028
12911,2181
28382,1458
5883,1851
28544,3513
19358,2710
7343,2601
13129,5250
6559,2109
15778,2928
20045,2972
22862,2206
15688,3452
29785,3255
24644,2970
7669,4386
25892,1986
16491,2091
9773,2276
31382,4553
4674,4575
24921,3277
18901,4424
5580,2098
6710,3902
1541,5445
4812,1996
8603,1917
18359,3195
24788,3245
6131,3732
19068,1537
29376,2167
29854,2253
9712,2380
24195,2581
22844,3230
20861,2606
30774,2105
4907,2419
31876,2285
14755,4032
8837,2038
2505,2775
14267,1646
5007,2052
25718,1681
12225,2106
11481,1784
3742,2492
28088,1569
3894,1876
25138,2508
18027,2560
23104,2229
2022,2541
30401,1853
32621,1997
22620,2015
19835,2551
10095,4572
17842,2500
12931,2561
29322,4759
23891,4098
15618,3751
17865,4202
31516,2036
3153,3355
12192,2289
2971,2345
15540,2500
10048,1945
23743,5752
17738,2215
9326,2314
14740,1952
8518,2244
10190,2898
31616,4366
1757,2748
32232,5231
3496,5332
7591,2524
21192,2891
4635,4593
20256,1867
17659,1756
13099,4450
29764,2730
13343,3966
10964,3569
5989,3506
22081,3055
23259,2950
2375,2392
28593,2569
8471,1859
16653,1896
23077,4245
11773,3584
22510,3673
25276,1632
12451,3568
30921,2135
21535,2625
2490,2871
23104,2579
20983,2874
14560,3066
25052,1788
13393,2337
5412,1924
14274,2005
21657,2273
17536,2753
4000,2325
31209,2104
4648,2547
1502,2634
5219,2224
2020,2233
11629,4201
21877,2230
5371,3254
14923,2569
14631,3177
17034,1971
12042,2069
21524,2591
10880,1764
9736,2446
8446,1855
15802,4472
18369,3112
30382,2369
17036,2444
9850,1980
11442,3518
8072,1684
24344,3684
15946,2330
20064,3455
12080,3255
16783,3191
28129,2995
29546,2406
5436,2105
16342,1725
2610,3051
9356,2738
21186,3566
31379,4858
20442,1834
12467,3075
16075,2872
1713,3099
20858,2036
9993,3713
7862,1665
12437,2089
14928,1951
27270,1898
23978,2578
2454,3714
9670,3306
10391,1685
1861,2374
23470,3209
13339,2910
32009,1745
6777,2036
30579,1946
19639,1614
30347,2399
21669,2987
19407,1425
278,2325
8354,3070
14774,1995
5460,1401
24779,6057
20546,2552
11238,3694
17734,1554
12856,2851
18767,2049
22359,2813
21240,2710
9537,1816
630,2026
4288,4098
27011,1790
395,4098
28265,2363
16875,2662
5170,2370
32405,4815
22469,6092
15009,1870
30411,3887
25389,3525
11998,2132
1505,2614
8312,2931
10683,1757
3685,2333
31525,2889
25626,2840
20960,1993
31215,1663
15347,1961
9551,2779
31826,2179
7339,2306
17929,2086
19976,3414
26547,2181
20543,2895
592,2193
17088,2052
26795,2182
24838,3278
29845,2965
32243,2459
23657,3815
3521,3082
15104,3154
7087,1911
14533,1841
5568,1799
2424,4178
23331,2154
15309,2376
6749,2167
6483,1973
16310,2225
28330,1796
22791,2590
32171,2191
30295,2060
14630,1985
17228,2796
17260,2453
6477,1303
32613,2525
29816,1669
18468,4119
17997,3036
5315,2344
31515,2500
31312,1997
27299,2013
29271,4026
6454,3933
30577,3764
21882,2389
9771,2632
19495,5628
27681,3022
919,2602
8359,3922
14404,1282
21065,2495
4388,2498
14342,1704
14526,2593
6301,2407
17233,1917
18496,3776
16986,2779
2526,2153
5536,2093
31702,2382
7573,2884
27399,2073
8753,3393
11026,2086
25348,1869
10858,2744
20482,1714
27478,2320
9614,2523
26970,3560
13824,2943
21720,2239
20704,2065
7483,1920
22364,5314
9910,4649
746,2091
4400,1398
8098,3549
26250,2229
31295,3199
1991,3405
7495,3880
17660,1065
29434,2292
26092,1971
839,4092
19658,2187
25099,1846
9147,3537
5540,3810
404,2061
21706,2318
26774,2379
21898,1851
2100,3714
8914,3674
7479,4752
27228,2190
9202,1481
16681,2754
21819,3311
29690,3407
25286,4025
11020,2446
9994,1793
3007,3175
22265,4862
8407,3939
21394,1357
7912,3216
26145,2280
18793,2698
27680,3708
9500,1960
12819,3220
16199,3186
29650,2646
26514,3616
9993,2230
12558,2471
900,3112
25822,3032
23191,2912
13787,4313
19790,1533
12814,2357
28146,1910
11040,2671
2205,2000
17431,1683
30769,2370
16175,2948
7514,3325
26146,2418
20919,2548
22694,2994
25165,2806
21622,1838
6954,1849
27330,3440
4148,2969
6207,3334
9928,3715
24648,2039
6833,2114
20438,1754
9020,3271
22499,2567
18700,2203
29487,3806
22676,3324
10210,2145
26140,3296
8408,3496
10664,1902
4601,2898
25209,2457
3004,3143
25267,3193
5938,2858
28345,2694
16589,1974
6752,3693
4378,2114
13437,2134
15178,2685
19121,2763
3011,2001
25490,2984
1551,2797
9123,3584
2428,2798
28106,1709
16361,1439
25047,1785
9596,3170
3353,3277
28147,1853
22870,1599
9675,2444
26377,4824
5465,1341
20390,1598
27236,5120
13541,2280
4810,2989
3762,2189
9126,2765
30486,1883
638,3838
22887,2957
3265,4256
13732,2227
15376,3129
23820,2345
1185,2600
4873,1699
8647,2378
8594,2821
26165,2210
30598,3573
657,1578
7976,2085
7865,3266
22373,2329
7353,1406
30540,2207
9501,3774
18928,2791
25201,1942
20980,2130
23905,1826
9925,1577
14066,5399
26839,2291
7748,3102
28670,3213
25570,2330
30997,2431
30048,2119
20174,1471
1522,2542
25093,4904
10095,3410
24840,4113
10284,1332
27956,2759
16751,2787
31674,3105
6805,3123
24944,3178
411,1594
16828,3553
22164,1620
10447,1962
10420,2994
12045,2505
27658,3675
25518,2628
21905,1512
23375,2329
4071,2728
13408,3914
30658,2882
32798,2149
20522,1632
25925,2247
21117,2211
13198,4230
10034,2643
17994,3850
32141,4751
19421,2103
32311,1710
6083,3964
29115,2285
9804,1887
4234,1836
25075,2194
19117,2022
10998,2380
20703,3436
27424,2187
15274,2230
20402,1715
19288,2478
8633,2619
28085,3065
3368,3906
8867,2031
3028,2885
14687,1738
2315,3209
25299,2373
5615,2553
18643,2161
24106,2072
4933,2219
16002,1737
26858,4875
11513,3780
16874,4276
560,5114
19775,1673
29115,2145
16735,2452
11304,4443
27183,2863
21290,3539
28944,1513
27942,2842
6507,2542
26051,3476
9332,2147
16167,1294
28679,2046
2395,2534
9401,2835
6955,1607
11561,2141
20903,2790
25478,2967
31112,3055
27321,4041
5826,2176
24483,4643
14396,3857
5399,1633
5757,1969
14298,2396
1158,2568
4786,4453
18039,3266
11114,4237
18516,1681
3116,2702
23021,2617
2248,2310
29232,2147
12924,1813
3530,1486
24577,1953
4342,4138
8045,1791
26260,2659
31369,2081
13076,2360
29894,2594
15836,3062
13110,5042
13323,4815
14575,6204
